File,Expected_SHA256_final_run,Release_SHA256,Status
00_environment.R,c4ee809fa90d94617fae0f9b2c26fdbac9d3fb136ae92ccabdd9248d7b43b6b1,c4ee809fa90d94617fae0f9b2c26fdbac9d3fb136ae92ccabdd9248d7b43b6b1,PASS
01_import_validate.R,4aea13543541094ca393857825cdabfb143340e81b8a2d1aff87f549f72094e3,4aea13543541094ca393857825cdabfb143340e81b8a2d1aff87f549f72094e3,PASS
02_harmonize_cells.R,3b3131bdd249a93f95dd3f7362f2e94a65cae960c9844ed82927db8214bcadd7,3b3131bdd249a93f95dd3f7362f2e94a65cae960c9844ed82927db8214bcadd7,PASS
02b_refine_inference.R,65d88d0cb865eed17d058339373e6a5cfaab9248c311db921c452ae9c76b8e14,65d88d0cb865eed17d058339373e6a5cfaab9248c311db921c452ae9c76b8e14,PASS
02c_publication_qc.R,13b4cab50438882a10bc1890f10b184edbd26ad64dcacef1cae00e4d18c9f3a6,13b4cab50438882a10bc1890f10b184edbd26ad64dcacef1cae00e4d18c9f3a6,PASS
03_descriptive_reviews.R,0573bed34d58e2d27c0268dde6eb5b02ac8bb171c6e8af046ee2499eea966b2c,0573bed34d58e2d27c0268dde6eb5b02ac8bb171c6e8af046ee2499eea966b2c,PASS
04_anchor_selection.R,a1d176fc4256a17b26e7a11fe38e812609a7e303ea801c8fe50c46a5afed4ad5,a1d176fc4256a17b26e7a11fe38e812609a7e303ea801c8fe50c46a5afed4ad5,PASS
05_effect_displays.R,e72c7d2ff861f589f58d1ff35d3e03c936197d6de77acca64c5db99d3f2b787c,e72c7d2ff861f589f58d1ff35d3e03c936197d6de77acca64c5db99d3f2b787c,PASS
06_evidence_map.R,ffdb04cca6a2612d442c43b42ed7d386111cbcf19f6361b6f2a4448d2a69e964,ffdb04cca6a2612d442c43b42ed7d386111cbcf19f6361b6f2a4448d2a69e964,PASS
07_tradeoff_translation.R,59bd3df689b86d8c7435568ee759d9c4bb7ea5d8fb85de29e98cc8e747a1f74b,59bd3df689b86d8c7435568ee759d9c4bb7ea5d8fb85de29e98cc8e747a1f74b,PASS
08_overlap.R,2d0139e83c564fd74c2f7237527d4e50f3eace90b2da3a0774429b51f51f015f,2d0139e83c564fd74c2f7237527d4e50f3eace90b2da3a0774429b51f51f015f,PASS
09_quality_conclusions.R,a83c80a1e764f83c3e5872f80a22e9b95ef083f131881f88f7a3c817f7110980,a83c80a1e764f83c3e5872f80a22e9b95ef083f131881f88f7a3c817f7110980,PASS
10_sensitivities.R,6b2c0a7c9b86a143dbbc6476c8af12ca31e6282c7d033723e4d7b3eeb391d713,6b2c0a7c9b86a143dbbc6476c8af12ca31e6282c7d033723e4d7b3eeb391d713,PASS
11_tables_figures.R,c8a590dc98289325f97b80414d0c410ef2d90704e02c3699360a86a78ebe2ed4,c8a590dc98289325f97b80414d0c410ef2d90704e02c3699360a86a78ebe2ed4,PASS
12_reproducibility.R,ed0826a15fd3d9669aa63786e01740459207e9675ab77ebd9c56c48ffe92feb2,ed0826a15fd3d9669aa63786e01740459207e9675ab77ebd9c56c48ffe92feb2,PASS
config/anchor_manual_overrides.csv,3bf5b7e1719230b2e8b1b2d96b7b6d129e20a22569a11f5fe75c5c4799c43ec1,3bf5b7e1719230b2e8b1b2d96b7b6d129e20a22569a11f5fe75c5c4799c43ec1,PASS
config/effect_harmonization_registry.csv,22a00c2c947fa10b1a2eb8f0a4a9b8c150da3de967a1ea1976edd9c083da4b68,22a00c2c947fa10b1a2eb8f0a4a9b8c150da3de967a1ea1976edd9c083da4b68,PASS
config/inference_refinement_registry.csv,6311beb2c277ee48511e74d96f762437461899948fbb633ac4a2b8d682de9ca3,6311beb2c277ee48511e74d96f762437461899948fbb633ac4a2b8d682de9ca3,PASS
config/prognostic_publication_registry.csv,5b03a1d552ec9f7385df5665aeeb8642adf8d3194ea186ef7a9b03c5e6c09212,5b03a1d552ec9f7385df5665aeeb8642adf8d3194ea186ef7a9b03c5e6c09212,PASS
config/publication_source_adjudication_registry.csv,ac5313c22462cecba18fc5f1da4a8483d26aced1a05ef5d423ce8ad1f233afd6,ac5313c22462cecba18fc5f1da4a8483d26aced1a05ef5d423ce8ad1f233afd6,PASS
data/Moyamoya_Umbrella_Review_Independent_Full_Text_Extraction.xlsx,5265c049f8de58578554db472b2b2df103d87f9c80409444757d517706b99897,5265c049f8de58578554db472b2b2df103d87f9c80409444757d517706b99897,PASS
data/moyamoya_umbrella_SAP_v1_analysis_specification.xlsx,d2ee7a0b7a08cf03f09bc053892ded23a9cfb453925942c4dff4f6d40a468071,d2ee7a0b7a08cf03f09bc053892ded23a9cfb453925942c4dff4f6d40a468071,PASS
data/moyamoya_umbrella_master_extraction_FROZEN_v2.xlsx,ebc25c3e92a85e6c0c68163a41ef9520cd96057c98b1cd6388a52603ef573418,ebc25c3e92a85e6c0c68163a41ef9520cd96057c98b1cd6388a52603ef573418,PASS
