File,Role,Bytes,SHA256
00_environment.R,Code,   1.02K,c4ee809fa90d94617fae0f9b2c26fdbac9d3fb136ae92ccabdd9248d7b43b6b1
01_import_validate.R,Code,  14.27K,4aea13543541094ca393857825cdabfb143340e81b8a2d1aff87f549f72094e3
02_harmonize_cells.R,Code,  10.19K,3b3131bdd249a93f95dd3f7362f2e94a65cae960c9844ed82927db8214bcadd7
02b_refine_inference.R,Code,  10.68K,65d88d0cb865eed17d058339373e6a5cfaab9248c311db921c452ae9c76b8e14
02c_publication_qc.R,Code,   7.76K,13b4cab50438882a10bc1890f10b184edbd26ad64dcacef1cae00e4d18c9f3a6
03_descriptive_reviews.R,Code,  14.38K,0573bed34d58e2d27c0268dde6eb5b02ac8bb171c6e8af046ee2499eea966b2c
04_anchor_selection.R,Code,   8.5K,a1d176fc4256a17b26e7a11fe38e812609a7e303ea801c8fe50c46a5afed4ad5
05_effect_displays.R,Code,  12.1K,e72c7d2ff861f589f58d1ff35d3e03c936197d6de77acca64c5db99d3f2b787c
06_evidence_map.R,Code,   8.29K,ffdb04cca6a2612d442c43b42ed7d386111cbcf19f6361b6f2a4448d2a69e964
07_tradeoff_translation.R,Code,  10.52K,59bd3df689b86d8c7435568ee759d9c4bb7ea5d8fb85de29e98cc8e747a1f74b
08_overlap.R,Code,  32.5K,2d0139e83c564fd74c2f7237527d4e50f3eace90b2da3a0774429b51f51f015f
09_quality_conclusions.R,Code,   8.8K,a83c80a1e764f83c3e5872f80a22e9b95ef083f131881f88f7a3c817f7110980
10_sensitivities.R,Code,  12.39K,6b2c0a7c9b86a143dbbc6476c8af12ca31e6282c7d033723e4d7b3eeb391d713
11_tables_figures.R,Code,  18.23K,c8a590dc98289325f97b80414d0c410ef2d90704e02c3699360a86a78ebe2ed4
12_reproducibility.R,Code,   9.14K,ed0826a15fd3d9669aa63786e01740459207e9675ab77ebd9c56c48ffe92feb2
config/anchor_manual_overrides.csv,Configuration,  62,3bf5b7e1719230b2e8b1b2d96b7b6d129e20a22569a11f5fe75c5c4799c43ec1
config/effect_harmonization_registry.csv,Configuration,  76.35K,22a00c2c947fa10b1a2eb8f0a4a9b8c150da3de967a1ea1976edd9c083da4b68
config/inference_refinement_registry.csv,Configuration,   7.05K,6311beb2c277ee48511e74d96f762437461899948fbb633ac4a2b8d682de9ca3
config/prognostic_publication_registry.csv,Configuration,   1.61K,5b03a1d552ec9f7385df5665aeeb8642adf8d3194ea186ef7a9b03c5e6c09212
config/publication_source_adjudication_registry.csv,Configuration,   6.9K,ac5313c22462cecba18fc5f1da4a8483d26aced1a05ef5d423ce8ad1f233afd6
derived/AMSTAR2_critical_item_summary.csv,Derived analytical object,   1.73K,d5d5d840f00af2886efd35823b1772440e5d20d090b75d0bf460c5d7842511b2
derived/AMSTAR2_critical_item_summary.rds,Derived analytical object, 666,d115b9a980961fb2c9657ab968295cf649e6ada10b8b3d2178a801c95e76da9f
derived/AMSTAR2_items.csv,Derived analytical object, 428.47K,a13710f3a44b0de7069c1ae5aeaa997713455999bd1a4044e001ff9bea18bd74
derived/AMSTAR2_items.rds,Derived analytical object,  13.86K,dc71e9a989b3fe5f8ce159cdfc294e03dbbf35948c52c07ce6fc57b35e44d7a4
derived/Evidence_domain_summary.csv,Derived analytical object, 847,d1f879a5025cbb2e408358e669584fa2e20077408cf107e64ab3e734ade757ec
derived/Evidence_domain_summary.rds,Derived analytical object, 507,dd5c0d92d1ba36b51408a787c888374e5117492189c5c34995e491a36c57478a
derived/Formal_reviews_analysis.csv,Derived analytical object, 440.4K,6d161bd9aa3b7e3a5d78027698a7bf3e71c36b37760cd8734d76e17cfc40e46a
derived/Formal_reviews_analysis.rds,Derived analytical object,  73.28K,d4b98b718a54693668d2de6db54d4cc9495ca7531739e3ae90ab9751aedda44a
derived/Methods_completeness.csv,Derived analytical object, 388,aa1f869e272b18be862a4896c1eb44257a2a5f551d41302212121863ccb4dd85
derived/Methods_completeness.rds,Derived analytical object, 379,af89b17b79dc085c194231dee3fd79f0d04622e852cfcc67f059f02befe8c6c0
derived/Outcome_stage_summary.csv,Derived analytical object, 284,e6fed91c9ada53853bfea5dd4e198b115a06178414dc9455b48620f602b3d941
derived/Outcome_stage_summary.rds,Derived analytical object, 339,8742114562f31f1a77c7d66e38131c80c88e28f003c53199108f7c6357ae046c
derived/PRISMA_flow.csv,Derived analytical object, 311,c3eda2a518ccb51ec0ab05b42c0ecf1b46f958d7feb26c44d934fe961404e3a1
derived/PRISMA_flow.rds,Derived analytical object, 369,0e5fe20c2e034efb922b197aea218ebfd50feea4d3e24cae6b2cc5f87f0f94e4
derived/ROBIS_items.csv,Derived analytical object, 114.74K,6a4a2a4e8e505a01e38de22e32d91a5c694ff9b8e77552428eb42b7fc7474ae2
derived/ROBIS_items.rds,Derived analytical object,   7.01K,d01a070acf094190abdaab4f0773abb9043c5046b520f3dcd88ec87d29fc3bf2
derived/Table1_review_characteristics.csv,Derived analytical object,  70.62K,05d53dd5e0f9ee71b87b488aba2100471b2e9063859335d2635938b66912266b
derived/Table1_review_characteristics.rds,Derived analytical object,  18.56K,af6c81725f324b031713a79ae5873df76c714f52962b14dd6189f5644e183341
derived/Table5_methodological_summary.csv,Derived analytical object, 284,d72f87ec6032432c4198226b1b1be0e70fb77187c1eb81c26d121439e9f8b812
derived/Table5_methodological_summary.rds,Derived analytical object, 362,48e45086ca0183b2e86e961f4b3a72569e1e56980901daa428ae1fd74b8b63e3
derived/additional_eligible_reviews.csv,Derived analytical object,   2.9K,e17930cc9fc70628a4dbaef53dc5273626440ad6af80d619e256c64d3dec84fd
derived/additional_eligible_reviews.rds,Derived analytical object,   1.55K,df5db6841367f2797baffc74f41e836d4d5b8167a764b7f6ba8a492dd98ae0e6
derived/anchor_candidates_preselection.csv,Derived analytical object, 307.49K,8f2c237e4707a86ffa494d754f0fec63f4ef63ba924d670a02569e873ac78608
derived/anchor_candidates_preselection.rds,Derived analytical object,  38.39K,272239f2a955759725b879e5c0741c29ee7c11b52a25a41091128a4335afe86d
derived/anchor_cell_audit.csv,Derived analytical object,   3.62K,cbd2e410b12c276b33e2359da25537c8f3f210d386ac2618bb3957c6ff41e39a
derived/anchor_cell_audit.rds,Derived analytical object, 950,5469daf23e0750bfb288213d1588952ab5914986bf45f8413ac9d424b3104674
derived/anchor_conclusion_distribution.csv,Derived analytical object, 182,86e1ead4d3f0de5defd34a9a5215b45e02406172455cb0fc66bc206fbbda710b
derived/anchor_conclusion_distribution.rds,Derived analytical object, 258,7869f8ccb1df8f0708fcd7999ce429732c5e9435542542ff580dd3ab92586386
derived/anchor_effects.csv,Derived analytical object, 270.04K,376b6c5589bbfb9b8a177d1337a723b1a27f2d2c34aafa25fecbeaaccb5f1408
derived/anchor_effects.rds,Derived analytical object,  37.82K,f29b4e507c8465b300e7f3ebc5be25d99bd555cb31a42076de8b08145f79c519
derived/anchor_findings.csv,Derived analytical object, 443,a2cde38f516145dc8736545e6ae96a7e601a40da4f77832022b0ce61350cddf0
derived/anchor_findings.rds,Derived analytical object, 404,6269461d5d69dd49ea1900d3ec7868cec2a059315439f7c3a24dd73865bc4e10
derived/anchor_registry.csv,Derived analytical object,  55.61K,e031ab66e6c8ff2b4743ae7797d717a386bcb5bc0140d0532933684e3d27aa2c
derived/anchor_registry.rds,Derived analytical object,   8.02K,54c1cee775ffc87c6921582f63d212f6aa8bb1f30357d9adf7a9674d792ce8e9
derived/anchor_selection_summary.json,Derived analytical object, 233,5199b7baa5cc5cfc7b6e6f9e150b50c04361912383e3336339e8ce69abe1cdb4
derived/baseline_anchor_conclusions.csv,Derived analytical object,   4.42K,f43b3a2ac1123a0d671790acc416af0554d408af5d4bd12c592c55bdf37ea6fd
derived/baseline_anchor_conclusions.rds,Derived analytical object, 947,9d759ff9de7fe66816cb9749be16b7222b500e3b57b86e769124ff5e84e41841
derived/cca_all_scopes.csv,Derived analytical object,   7.11K,9f2531903d80a0036ebb742991b76fa2ee3886b6ad760b5c6c88ac3bb1a61086
derived/cca_all_scopes.rds,Derived analytical object,   1.52K,a71a51812ed8a502bc2134e65ee1ea29684bd20087c19b0fccdcc14dc8784d81
derived/cca_frozen.csv,Derived analytical object,   1.67K,9458ab6a0883323c0618775a4069b5a3e393ee7e810a4ee44ae2fee9da25058a
derived/cca_frozen.rds,Derived analytical object, 747,d408878272549aa6373ab94b1ba0a1e0081f6fcaad0fe710eec381174d404c64
derived/cca_reproduction_check.csv,Derived analytical object, 791,23e1ee83fdb6895ea3b47940e6d09a66d89090b0f9bc3f5b223c21a6251d4698
derived/cca_reproduction_check.rds,Derived analytical object, 477,ada6785a2c14687925bda4d30085c9e69a8f4d2e0f7cfebfa337c7797ac3cd1d
derived/cca_verification.csv,Derived analytical object, 365,4d5d2c9d0147e4066c3d74d37b7b6b00c448083b4458d1b2699bc149b7827b00
derived/cca_verification.rds,Derived analytical object, 375,07c8b763cb670bcc96395f4762ee036cefc69f818fbbd9deb321e46c77a79e4b
derived/cohort_families.csv,Derived analytical object,   4.83K,8b0f4f59b01dac5dc99ad03f8da7b09b75ea9a29f37f572b17ffcb196be62686
derived/cohort_families.rds,Derived analytical object, 935,535baec245b9c5c5aca0246bf8e6023ff5346ebb7162a0e47add7062e015e7b7
derived/cohort_family_leave_out.csv,Derived analytical object,  80.17K,df5e9dbd258d5f9029f5253651df5fba23f9d8d32ad395027a0df140d73fc97e
derived/cohort_family_leave_out.rds,Derived analytical object,   2.18K,43e2da3fa89311e5ebf2807d6342a76cadec802500b28f6d86c052e82a6868df
derived/cohort_family_review_map.csv,Derived analytical object,  18.1K,e38f376eec6eb9e02da99381123b544655bc095fd08ee488dc0dd0059d1ef80c
derived/cohort_family_review_map.rds,Derived analytical object, 989,7155e672cf375593663aaefde1635f6fa558c7af1edd757852e9fd4addffe1b6
derived/comparative_effects.csv,Derived analytical object, 132.93K,d15ca89b0451988ffab70f204715bf7b82299f295d1b2c5a1630cb1514746151
derived/comparative_effects.rds,Derived analytical object,  15.29K,90a21bb199b7a444fb03cfc8d7427bce108d75efe9f03a16f1df6c0fb8577257
derived/conclusion_exploratory_tests.csv,Derived analytical object, 284,974f988df9fd5566c6f80b6bab24b99562c31f99d87d3e674637bc3d22f09854
derived/conclusion_exploratory_tests.rds,Derived analytical object, 320,997a1a3ebf2c70c08092d5d0d05a74f5fafdfcdc7ea4ea466f7567479d2097e9
derived/conclusion_quality_crosstab.csv,Derived analytical object, 393,bed9a7059db3d040b2cf4c4b7050f9f89b6277999579feb8c9590e40f5356cc1
derived/conclusion_quality_crosstab.rds,Derived analytical object, 305,483fd38e989c53120f127f0dda369148d5451ddfddd97f5575f518bf8a90fc04
derived/conclusion_strength.csv,Derived analytical object, 465.56K,bd052610574fbde9e6f03b3502f6e6d53f666e350856561bc7cba8725224b74d
derived/conclusion_strength.rds,Derived analytical object,  76.94K,f7c5074936ee4a617cc13e0e61b37109b85838dac0e12c0314217a251f138631
derived/continuous_forest_data.csv,Derived analytical object,   6.71K,adc9c97fca8b81cdcf71602485e62b4dcf9682b456121135257b8a0c66d808aa
derived/continuous_forest_data.rds,Derived analytical object,   3.18K,586984f16e2482c836e8eac9272eb503705a3486402a034e295e7370c7ce9ae2
derived/corroborator_effects.csv,Derived analytical object,  34.97K,e2bf04d64c13ed711e4bf4da48b91008253c96c4d1ad605a953bc1d75c6afcd3
derived/corroborator_effects.rds,Derived analytical object,   6.4K,c82c7a5476f769e430127f77678cab0f42e2052e0faeb87cdc0eb9841c8f56a4
derived/descriptive_effects.csv,Derived analytical object, 277.16K,9443d27477680f9b1ee7fe12a781db3f0ae4f8ea36e722a144e3e63bf2cb59d8
derived/descriptive_effects.rds,Derived analytical object,  27.32K,e5245d17da6eee58a5c9d6644ea8969d6d90339b6bb84f183d2f2b8226f56777
derived/descriptive_reviews_summary.json,Derived analytical object, 258,eee9815f1133c9a06cad1772bd250bbaf026eb146f384bf5bcd27b8a8625cb5e
derived/direction_concordance.csv,Derived analytical object,  11.37K,1fbf52f5fbae43cc1900e8bbfe4ff53e58a8043d1fbf742335032005c7846d9c
derived/direction_concordance.rds,Derived analytical object,   1.75K,1efc51ebf1072bb686d01a25801197e3562d95e367e2f7a653059b250a6335e6
derived/duplicate_effects.csv,Derived analytical object,   1.09K,0dd64df19eb0884c9a887ceeda534c53037b4d571869eb5f85683dfc5f9257d9
derived/duplicate_effects.rds,Derived analytical object, 382,f58ee7838ca9aadb45f4a74ffcb03b6f621723ce850335e205777059d38cfab9
derived/early_late_tradeoff.csv,Derived analytical object,   1.1K,e5fb529c3cccae7e085c83a22aabbc0b6023ba437bff1aa39983cbdfe5c7d2a5
derived/early_late_tradeoff.rds,Derived analytical object, 640,ec17e9e9794954ef8fd0808788a2e4a20ebb1dceb537281efcbafc7dd8ac2a32
derived/editorial_review_families.csv,Derived analytical object,  54.72K,d4a69ecbecef784e0e44ea3593387111a5fb655310a52e80fdaf6606501f7999
derived/editorial_review_families.rds,Derived analytical object,  11.7K,1d7ac481fdbf9511a7fa4ec3253a584aa1c286de4b11141e61b2be5fa62f8e46
derived/effect_display_summary.json,Derived analytical object, 185,31cfe410e5da8530a8c264e3ee4ec5a669e3b9d2fe6d147355874e41b8af3e0f
derived/effects_context_quarantined.csv,Derived analytical object,   6.19K,77cf7a9886ebe4857bb41383462e8e6429ad3d6e4db195ec32f76e8a472d2cc1
derived/effects_context_quarantined.rds,Derived analytical object,   1.67K,a4478987ad6cec3dccc4d5ab31d26e54645d3561253196192770f4e2a065bb5a
derived/effects_formal_validated.csv,Derived analytical object, 306.42K,d9d944f8b1920ab41b8cfce53acd33e402de0034bec89a4c735ced0a94d38279
derived/effects_formal_validated.rds,Derived analytical object,  28.66K,65dd435b9c6482ef1ff6b5fd51c71ce998d2ad9567ca40b6291c12aa39d59300
derived/effects_publication_final.csv,Derived analytical object, 944.04K,49e8e8294610718f036e6311943352ce7d39b8bc995c7306cc253a150aacb4c3
derived/effects_publication_final.rds,Derived analytical object, 112.43K,eba39f49702dde1a59ef6442753ac9e52837aae4ef9c5a9043098c2b0f8a9a6c
derived/effects_raw_imported.csv,Derived analytical object, 255.51K,e74e739d73d108b1b0d52dea5492998e50fda9f96883d32bdfc7c76b89e22182
derived/effects_raw_imported.rds,Derived analytical object,  23.8K,a749a1c2fb3d8cac9656d5b55ded9ea923471d6bbedbca891885a2abf441785d
derived/effects_refined.csv,Derived analytical object, 869.93K,bc27b6ba8b13b02b49c57004372c8ae87dadc0a5df0e2fdc036826f166c891ed
derived/effects_refined.rds,Derived analytical object, 101.67K,75693ef6d90aa5a641fa38e07eedfde231101e55b99492e559ce6710688df29a
derived/event_specific_tradeoff.csv,Derived analytical object,  50.5K,246b0533d197da8787ab5f537ba011cd8f4f35afe7fb19bb03b5b51d1b662609
derived/event_specific_tradeoff.rds,Derived analytical object,   6.65K,df9b952044947d24d119fcd3c361ca33e191363a7c31b1efde2849dc02a95052
derived/evidence_cells.csv,Derived analytical object,  12.89K,d457d2c087149136bdc4eedcdceb1651acc70b01edffb8f16fcb38c4f8b40def
derived/evidence_cells.rds,Derived analytical object,   2.03K,b9cd84abed0d120f5f59321371edf981a57c774aba42ad172939ba76c2f07a57
derived/evidence_cells_refined.csv,Derived analytical object,  12.22K,fac01694d4997b682acaf24e47648404bd4feaa80801d987b1195f3a365490b0
derived/evidence_cells_refined.rds,Derived analytical object,   2.02K,e93addb2769a70b0a4169c5e8de403bcc8118bd8631424c85417da771b55e980
derived/evidence_gap_table.csv,Derived analytical object,   4.32K,db2800aee5f29c40efd97f2f0c3083d1adca17c1ecf053609d411c99599befd7
derived/evidence_gap_table.rds,Derived analytical object, 855,5c88b7217c4d5d66c321d2a340b9fd8f29081a4053130892fb201ea60bce44f9
derived/evidence_map_data.csv,Derived analytical object,   4.62K,b7691e26ec2ba54ce50c6a346be235eab5d6f91b4fe85cfb83097b2e614097d2
derived/evidence_map_data.rds,Derived analytical object, 915,8f460d07746fbcf0c8bb11b0be983b26769bce031e86e94dedfe8c2c6616093a
derived/evidence_map_summary.json,Derived analytical object, 110,37ed2d68d5c5a4ecbca3c415edb4f8c5de4daac0b74ab5679bb672346740ab1f
derived/file_manifest.csv,Derived analytical object, 693,e2c4b9ff032538238598ed94c3650c4ca82888e9818f2f31c263f9191b1a4998
derived/file_manifest.rds,Derived analytical object, 498,01c30592736284c79f93cad4b546d3b01b3f8a574856c672d8ee2572f0646dd0
derived/forest_candidates.csv,Derived analytical object, 121.52K,1a70d89571be34cb3168125c48b16e2ada835d8d9ba7ef9df0fa223da73b8d1b
derived/forest_candidates.rds,Derived analytical object,  13.85K,9ae770dd4796aa7012de3c93b9db2f6cbb24cc3792a57bad8cc343f76e5dd7cb
derived/forest_candidates_publication_final.csv,Derived analytical object, 264.67K,533fc934c3b7dbf5332c5f2259a671d75d1eff7706afaae812d7e96ee4b9ec04
derived/forest_candidates_publication_final.rds,Derived analytical object,  34.29K,7aa37fadd9120513a68ebb3c8c598d24b542256099be59a07d0107742e3e50c4
derived/forest_candidates_refined.csv,Derived analytical object, 235.02K,ac8113c839a614af5eef2bdb061c8b0b00684b338c9aec76476bda8b8a5f0d15
derived/forest_candidates_refined.rds,Derived analytical object,  29.38K,fde668325fa886c7adef6a1607ac9c962525e8077300a10369de9d9fbb80ea5c
derived/forest_display_data.csv,Derived analytical object, 303.93K,a5150141ad1bc6a0d4ae741755906b4a4eb137fd0896ce3cfad5936be06637b4
derived/forest_display_data.rds,Derived analytical object,  39.29K,63fd59274164c0ca55cf8500a18be995d78384244a7753346889e0bf9b5640e1
derived/forest_not_ready_no_ci.csv,Derived analytical object,  11.01K,91e01b72cfd8da98594abf7c743b4acffd7192f0f7028c9cac31aef33ccaa70c
derived/forest_not_ready_no_ci.rds,Derived analytical object,   2.08K,59ce67fd87b651bcb2297d376b9fd6650f54e01b6bedef3b5cd78a697246faa9
derived/full_adjusted_publication_occurrences.csv,Derived analytical object,  43.07K,5e4206dd5f6f3950b55139655ca693f79c0a5a6bc670c9628c0e7d1f36c34c03
derived/full_adjusted_publication_occurrences.rds,Derived analytical object,   6K,4f775bc139dff8d86f01ca3335c968d0b7e098a238604d2abfdbee9d00c7ce73
derived/full_evidence_map.csv,Derived analytical object,  11.11K,b9520a7c8cb303ab7f09a38e0ca6715a8fdd8816b4f932dbcd12f383e4a8e0f5
derived/full_evidence_map.rds,Derived analytical object,   1.59K,1b419227883647ea33cdc014491c6c91833c0154f8ab3ee3f3500a5b2c1b0125
derived/full_raw_author_year_occurrences.csv,Derived analytical object,  10.1K,de2cb2648d84cbffcc01ea61183d9903d1317868eaff342166a29f23c731d268
derived/full_raw_author_year_occurrences.rds,Derived analytical object,   3.78K,2bb04c42f5bdcd551e4b8027efb8969aae6b7c702cdb5aeae3351c88d9e353ae
derived/harmonization_code_summary.csv,Derived analytical object,   1.29K,238b2909459ca96987f1394c9695e0e92a6f0b3ace3dbe327ff22583102f7649
derived/harmonization_code_summary.rds,Derived analytical object, 696,8026c790e4ba5b6acc02bbcbd465108308f61d9fa0221a7d7603b1dae1916733
derived/harmonization_findings.csv,Derived analytical object,   1.9K,eed8571289037d9b10eab187407f16eeeef915c6bbb59b6b2534f05791a611d5
derived/harmonization_findings.rds,Derived analytical object,1017,34370338bc17116fd6a499caedada284e492610e7b4eb17a3841a12ffa06301a
derived/harmonization_summary.json,Derived analytical object, 361,7e7501ac749f4b39697cde103bca2b1d7eb7ea1dd64a760cde468b3d6e356ae6
derived/harmonized_effects.csv,Derived analytical object, 408.9K,2ab2d07b09116694d140f5a2fd7896abe3ac98915ff2d564d0814b18697791af
derived/harmonized_effects.rds,Derived analytical object,  39.23K,108a845f99ca1c43c83d1c17cda339b4c9d6aa60e4ef25812110830897adf09c
derived/inference_exclusions.csv,Derived analytical object,   2.2K,374e41043c07d9a0fe49a1b084c92bdb773c3108339184b4edc3efc392b53fad
derived/inference_exclusions.rds,Derived analytical object, 815,179e631fe14bcda039f834082686806f2d414013859221239595a5fca392cd3c
derived/inference_refinement_summary.json,Derived analytical object, 213,9aac55b10b8c735e632742bf8632feff8f4d4098c19c7e2a823243571235bd9e
derived/latest_review_family_filter.csv,Derived analytical object, 860,a3c7e1874acbcb6c6b8062b463ba75b579e6f1b3093999fd250a0dce1e831381
derived/latest_review_family_filter.rds,Derived analytical object, 373,5a20d5f0bc8bf5908ac7cb8658d19ce751993f7e314877d778c9c0ca80bfffec
derived/leave_one_review_out.csv,Derived analytical object, 233,64ae7e5765527e6ad7e64a0b3de577c781b92cec5d5280a3d39b16f9dc8383c6
derived/leave_one_review_out.rds,Derived analytical object, 242,20b7d96b013da878eee5730d0d3c483cca249e9d1f0cd1e91056f140ab2cd279
derived/main_forest_data.csv,Derived analytical object,  89.38K,8c3a2c2f34b11bb99d68168efe6dd13a9c82e5533df6f2200fb37fad6c204543
derived/main_forest_data.rds,Derived analytical object,  11.85K,9446f093da81bd3975cc152b4c764fd7ad82209b61b3c7e4975354517e91de18
derived/manual_review_queue.csv,Derived analytical object, 221.47K,0e42640406ec32c548b4532ecb66401eec572e3efac7c97ba44e3a54ed7ea89c
derived/manual_review_queue.rds,Derived analytical object,  24.77K,61a573282c8094ab190b8dd227ec1f44ca42fae597c833b3ddc2bae8a5525d65
derived/methods_over_time.csv,Derived analytical object, 751,801d82b50f19f30f9795793c3b897b19d46be4895e65cc25d78c8d623324d5ba
derived/methods_over_time.rds,Derived analytical object, 387,d4fa0a60572f53a2a0bb3b8a3f6e3a671c65dbfc4107b429a302f7699a4ab8cf
derived/moyamoya_harmonization_report_R.xlsx,Derived analytical object, 421.57K,3c5e99f68a2bd49c6af78d260e7f64f1b4e2b08bbe293f77ef31f0961df4e9fb
derived/moyamoya_import_validation_report_R.xlsx,Derived analytical object, 272.16K,07c799ed445d97d229860b2dc3f104513f6a545daf7d415ba10f1eeb27151c93
derived/moyamoya_inference_refinement_report.xlsx,Derived analytical object, 267.17K,438d2daa6d5115bc7020408cf6a2ce341627ad5a0d41d7b6d5a410525b830a20
derived/noninferential_operational_rows.csv,Derived analytical object, 186.71K,291e3c019d1a6de9d3afb8467c0d67b79460a1acfae19776908c85c86fd5dec3
derived/noninferential_operational_rows.rds,Derived analytical object,  20.23K,b2c106f768ed38514a0565b3555bbe40a82217d3584502c96b52ac5b61e34b51
derived/outcome_stage_gap.csv,Derived analytical object, 323,33a1d193979715fe2e097d3286ca88533d512767735d849316eea455807056aa
derived/outcome_stage_gap.rds,Derived analytical object, 344,95ea93d4154fbe61c8817405c7bdef2063cb57c41f7f8842338c18204069ed90
derived/overlap_analysis_summary.json,Derived analytical object, 575,fb2334b9efb6ea7da66b35ab37dc3b4c88c86c4a1012f3bd8c773e11bf559a61
derived/overlap_difference.csv,Derived analytical object,  40,67df966fcc443356c4b91a6b450dd5bb626b8b69e0e86f8a85c3d76f5684bff1
derived/overlap_difference.rds,Derived analytical object, 161,57db3c70672d3b21583ba0483d4348197a9c16f0faa1ae45c1018478f9b7cc9b
derived/overlap_global_count_check.csv,Derived analytical object, 240,6aab01b3122f8cc5b9173bc96ac3436e174486ea788abad0a1d431aa196c7291
derived/overlap_global_count_check.rds,Derived analytical object, 315,79e54f8997a485d9fb4fa78e43269bb7c6b0399d05f765a696f90d4ed7068713
derived/overlap_matrix_structure_check.csv,Derived analytical object,  15.57K,a32fbd138a964ec12cf2a7683d1cb1eda9ead30f2ead752c0adcdf0a601ed969
derived/overlap_matrix_structure_check.rds,Derived analytical object,   5.72K,c1afceea0c157502bce4c1b8762481917a3058323aa1b19dece57433b29f7dba
derived/overlap_method_note.csv,Derived analytical object,   1.1K,f9a866f597a8837fe39ff8069cd580bedcfb80f746159f652e5d64e61d67109b
derived/overlap_method_note.rds,Derived analytical object, 787,65b12655b6edc03b09bd4144d8856eb5159d90692a0d8406e3a4713943da5770
derived/pairwise_jaccard.csv,Derived analytical object,  21.17K,ce8654e90323dbc1b06e3c08cdb57563c674deee0392cdeb6683cff9fb79c283
derived/pairwise_jaccard.rds,Derived analytical object,   2.85K,cd0f1e803eb3aae29401d73198c5029368e35df6c618866836571d77e051e5cc
derived/patient_centered_gap.csv,Derived analytical object,   1.03K,ce4138d53c1fb7f29a9e57e0de24fc80d3b12ff24285be46d1db18146a57a94a
derived/patient_centered_gap.rds,Derived analytical object, 641,c623844ab200935b14fc0c9fd06ab4a1c35286318ba52b4c2dbbf4226fa6d016
derived/potential_duplicate_fingerprints.csv,Derived analytical object,   1.23K,821adb855a9a7fb7c69b8d2353659b49644c8e05e4725ce0ef86922e26a1644c
derived/potential_duplicate_fingerprints.rds,Derived analytical object, 867,b485e8356b2c764719aa644e899762d1bc0e7dcbc6e6ec5abfd41e6a1062c801
derived/prognostic_effects.csv,Derived analytical object,  34.2K,734c6eccd1f8e4fb9b15c9e957f212b6f065fa2894fc9ca458aa02e1dd311203
derived/prognostic_effects.rds,Derived analytical object,   4.06K,415ae9a7d0b14bff7a775c7fe24894da393d020f8ad8517938d75eef0f413dc1
derived/publication_qc_findings.csv,Derived analytical object, 335,ebddced7596b63f60490287e2575db132258baf79fa5b5a4c7fffd8a2b6dab4d
derived/publication_qc_findings.rds,Derived analytical object, 351,c12f7be92cbcb594c30dc1d178ac595251db120cb8cd11348ea120ce1446b615
derived/publication_qc_registry_audit.csv,Derived analytical object,  11.39K,b5cef8989bd73eef81a08b8f0fc7810b1763545250e53733c81441f685be27fa
derived/publication_qc_registry_audit.rds,Derived analytical object,   2.55K,a31221307dd9d6a0dd9818c5faf45dbb446500ea018e7a4a73dd775ff7e53925
derived/publication_qc_summary.json,Derived analytical object, 180,242c1b7291a31cc2f39044b590d0a7b2104f4bcdc75cd920cd48a7bdd878989c
derived/quality_conclusion_summary.json,Derived analytical object, 177,cf1941c50de00fcc92a08cf8e9215ecffd721672b95d10897813681a2b374231
derived/ratio_forest_data.csv,Derived analytical object, 300.19K,79596b2b094d08cd98103e7393391f629f0ef281981ff76d76b853f59a742d37
derived/ratio_forest_data.rds,Derived analytical object,  38.65K,881416e98b9cf88d3d6a33f70cfcb8ad61e48ebfc7cc6d0f7df5ce54b56c5f33
derived/refinement_findings.csv,Derived analytical object, 401,74fe43d9190ec1e6b3ff48461068b9d6decd5730011a3e114e1d51efa9106618
derived/refinement_findings.rds,Derived analytical object, 401,894354b63b08a5b9e38ba00475157990a3f8eccfd4eb03bff8b2e0f12bad36e6
derived/removed_overlap_occurrences.csv,Derived analytical object,   1.13K,aadb9a7b856ba9d362ff4b115d50c4cdd36ecf1a0a34e9bfd6ee0bbed4323ab3
derived/removed_overlap_occurrences.rds,Derived analytical object, 312,948b727057d003f31af3ea9418d61d93225d00cdf347e780fb4cb6821f4e6851
derived/review_master_validated.csv,Derived analytical object, 464.62K,852ba8203608fe7f65f0c870f9b3d3a52d27811cf2a11c9fb0fe34feea36f7bf
derived/review_master_validated.rds,Derived analytical object,  76.68K,f14cf2f83583ee05f990fecfdcc005cdcc320d4ebd4c755c0b5435a5d77ca13f
derived/sensitivity_anchor_sets.csv,Derived analytical object,  51.99K,29be350e020e85676abad750f2483c0469d32b23ec90256109446c0263ddf933
derived/sensitivity_anchor_sets.rds,Derived analytical object,   2.39K,cb9d9fd039e7920b8364086d56e778ead42f14e3df77d1ada7c2f196186ce84c
derived/sensitivity_cell_comparison.csv,Derived analytical object, 113.74K,1184c85a94e338d5b2056301c951640a1c2c2ae34a1174d71e2144829ef75d1c
derived/sensitivity_cell_comparison.rds,Derived analytical object,   4.36K,d3ea667ace3286f75e038f9505a5a5d6607e7b4447945aeb94d94c1d2c4ab99e
derived/sensitivity_summary.csv,Derived analytical object,   1.74K,0dbe0044380ea93aba2b6a191ad6b0271d5cf383798adb88a879071c0f5059dd
derived/sensitivity_summary.json,Derived analytical object, 211,e36d00862bffa8d1996628147b6fce11a8474ac279779bd0398809cc000e3584
derived/sensitivity_summary.rds,Derived analytical object, 738,8a5245f7371b172e0993293daa7e421a4e3c3824d72feee5467654fa5fcfe91e
derived/shared_primary_publications.csv,Derived analytical object, 695,447c86d93efdad01adde69e5bc2f4285b7204ce3b981ac7ac15a9de573ec6848
derived/shared_primary_publications.rds,Derived analytical object, 393,b5fc12d075a278c29926c790c859ef14b4d6c44c8d4c1918584c7cacc13af392
derived/table_figure_summary.json,Derived analytical object, 215,7ea79a970a74ad5e5a90e2201f4f129daab7f565ac915be2c275557f7fd77fe4
derived/tradeoff_translation_summary.json,Derived analytical object, 129,a2f023a010ad82fc830c002553bc4793e3070a66cdf1a261fe207640b48feb5b
derived/translation_chain.csv,Derived analytical object,   5.26K,2a9dc5d97b3f3c6e161546aa849ad46bf1627f9682ea81dda5a174f6411576c5
derived/translation_chain.rds,Derived analytical object,   1.13K,a4932d98fa70aad028d1fd140f3d5f16181fb19e67ebc32cb8eb25e5e59a4367
derived/translation_context_stage.csv,Derived analytical object, 794,00d021efb97afa678375d640e4f66c86671f8749b257ded5020e251b7040b3dd
derived/translation_context_stage.rds,Derived analytical object, 421,bcc25d1509265df50daf2218d9957a8b608111ed70e83f7152b3dc7737dc2589
derived/translation_stage_counts.csv,Derived analytical object, 155,3b97af7726a5646d543d28259d08d7c2e1847eabc984e018587c5744fb53811e
derived/translation_stage_counts.rds,Derived analytical object, 311,a671ce10a866596190c70cd3656b5b424b35acae932583d5cf356314ffa937fa
derived/validation_findings.csv,Derived analytical object,   2.34K,8df5c0576b7bbaef68b13f02510e15ffbb04151266e70636ff0cf650fb4890de
derived/validation_findings.rds,Derived analytical object,   1.34K,24bf4e78862948cacc3a28c424768125cf3f8f0652d457ea6685f33a2c8118ff
derived/validation_summary.json,Derived analytical object, 562,da6d051a4b6d78fe627af89bb5d147f5ccc60c583e44ec85e96f333633d3e282
data/Moyamoya_Umbrella_Review_Independent_Full_Text_Extraction.xlsx,Input data, 501.08K,5265c049f8de58578554db472b2b2df103d87f9c80409444757d517706b99897
data/moyamoya_umbrella_SAP_v1_analysis_specification.xlsx,Input data,  54.23K,d2ee7a0b7a08cf03f09bc053892ded23a9cfb453925942c4dff4f6d40a468071
data/moyamoya_umbrella_master_extraction_FROZEN_v2.xlsx,Input data, 666.22K,ebc25c3e92a85e6c0c68163a41ef9520cd96057c98b1cd6388a52603ef573418
logs/00_preflight.log,Log, 484,cf886864fab2d213d2bbe35450c62b5fc03d99db676208ef4ceab85a63efb1ff
logs/02b_refine_inference.log,Log, 492,f928fcb88d82954921120664824bbee58bf8d18498abffd06e66b350b7ee8878
logs/02c_publication_qc.log,Log, 490,0300df38cbdf9c7e3a605e20faccc0ef424df44db5aaa2ea33b0b2d8f223a8be
logs/03_descriptive_reviews.log,Log, 494,030751d890989b7b513089d33784a95ff5aa0311a6b54b0d5181ac3244b587b6
logs/04_anchor_selection.log,Log, 491,51e9bc83b90851037234115d99af2331e98ccb1ba93f0e27f5f100d06a110b07
logs/05_effect_displays.log,Log, 491,36bd256384d2a693c6cc51568441a54fc8a5b69eea13a5b8d82f055baaa8e779
logs/06_evidence_map.log,Log, 487,96cb030a7afcc28031becad37bea3517154be78a2e780e902e4eebc6851d7a12
logs/07_tradeoff_translation.log,Log, 495,b282199443dbaf1545b3daffe9ef9b839b5221813a88f848798556b98edc4260
logs/08_overlap.log,Log, 482,4dfa7ca943a76f349a22a856da7878c0dcfbb2833d2cb473f167414c3e410a6e
logs/09_quality_conclusions.log,Log, 494,0710747aa181300cbc0700fa2c846f2e107d255345038571fa8961ad336ae932
logs/10_sensitivities.log,Log, 488,5fdf6a128e38a7718bba26112d19a770b4f04bf5c1b17d0e3202c4ed50467a64
logs/11_tables_figures.log,Log, 489,a9d9d5c8e24b61ee7fd5f8b336cf20f19fc437a236fa85e4450ba84a4e3f4d42
logs/12_reproducibility.log,Log, 351,80e5e257ae7b5eb00e6aad15fdbcf22f380172f479d3737ef81e313f6be047d7
logs/PUBLICATION_FINALIZATION_FATAL_ERROR.txt,Log, 322,ff3b2dd3858fba7a36282ed681c86ce6c3311aa3f6610b0472ba98025926ba8b
logs/package_versions.csv,Log, 287,ae4227a091f952f7a4223441f540baadbde9b2410341bae8ac9cefdd85e15b46
logs/preflight_checks.csv,Log, 146,e72fa51781e6e05e033b2e96f559d02ac20e624e9d7e52741eafdf83e9639ebd
logs/sessionInfo.txt,Log,   1.68K,b4d30575e7666c50e56cbcb4fdce94ec1d135fb61d87ab9e70cb8a6e80f2a150
results/figures/main/Figure_1_PRISMA.pdf,Result,  43.76K,a21fd7ae37043f8789af1f71327d3bc8e53773d4cdc55244a31e9649a6b3cc2a
results/figures/main/Figure_1_PRISMA.png,Result, 304.89K,d883ddbc8f679a0a85c00194a371126411f9fa61a94d9ec64dfb4e4e56747ce8
results/figures/main/Figure_1_PRISMA.svg,Result,  13.39K,5e51fb2ed3a9f26daf621f5d3c509447764ab1846fcec7519858c8926a9aaf7e
results/figures/main/Figure_2_phenotype_evidence_map.pdf,Result,  41.67K,5951583ac0189bcb323f8302c04078c5a051d4d772f9dd9993115117ef73ea15
results/figures/main/Figure_2_phenotype_evidence_map.png,Result, 541.5K,6c1650a756de0c749bd3e14b4496ede57605bdb7a1a061df00c03429bd0a8b68
results/figures/main/Figure_2_phenotype_evidence_map.svg,Result,  15.95K,e622413bdf98ffceb68d12e24bc845780e6a890d6a5b0e769dceecedb9466285
results/figures/main/Figure_3_anchor_review_forests.pdf,Result,  43.19K,fe55315ebd018ee0511ac73f9d081020d589604f4279fee38e38f077a621d4e6
results/figures/main/Figure_3_anchor_review_forests.png,Result, 410.52K,190e29994a40ff287a166775551f1d560013952c631f8c14d732ce5add7b7b16
results/figures/main/Figure_3_anchor_review_forests.svg,Result,  19.71K,994e559bb93829f9e63b9547cb34822479da129b5b90af0226ed370f7f5f9f87
results/figures/main/Figure_4_early_late_tradeoff.pdf,Result,  38.75K,fdfdc2961a688e5de044bc5198610bdbae09bf7ed9bdb4c9eda27f5ba52f92a2
results/figures/main/Figure_4_early_late_tradeoff.png,Result, 356.07K,9b124fe7a918bb3a8a0655bad241d2e386793b4a6d5d27afa5ab6bee43ffbf47
results/figures/main/Figure_4_early_late_tradeoff.svg,Result,  11.2K,633bb0c709762a5af9d24b78954aa1d285172f5ecc074990d5fc44bb49fb2554
results/figures/main/Figure_5_translation_chain.pdf,Result,  42.7K,9b084bcd51887dde8e975cde8cfbe59a693f193fcd3c0a5bdb8c78511f7e7387
results/figures/main/Figure_5_translation_chain.png,Result, 339.32K,7461cb9f45777be4c32c4d1961ef4c124296eacc4b3af2fb9baf198e7881ba0b
results/figures/main/Figure_5_translation_chain.svg,Result,  21.66K,87d5dec1b24ca8d1182affea8f672a0105343def4c983255cc0f120f2d0bf824
results/figures/main/Figure_sensitivity_matrix.pdf,Result,  40.61K,21655430f8b269c816d38d7384a8893a779ecf13361ac30629a32299f4ff2886
results/figures/main/Figure_sensitivity_matrix.png,Result, 296.53K,14c1012e1ba0fa715b819cf9eda9fc654544aa631d2e4b515a23f7e69241c995
results/figures/main/Figure_sensitivity_matrix.svg,Result,  13.78K,ccb175946cd07e171c6f7965c01168e1480e9fd9921e725475244a85bf9043e9
results/figures/supplement/Figure_S3_review_timeline.pdf,Result,  35.49K,4b6358af97d28a648132b6aaea50b0471eedecb2f42ff22b62f229b391889020
results/figures/supplement/Figure_S3_review_timeline.png,Result,  94.12K,d455ed35063651d5dc1a33fbe8a768d3582a0cacb41774a501a62789d397b26b
results/figures/supplement/Figure_S3_review_timeline.svg,Result,   6.13K,1e1ccaec76cd60856276cc504be8b5d011161a9ed9537ed48b611d6269f72aeb
results/figures/supplement/Figure_S_AMSTAR2_heatmap.pdf,Result,  34.76K,55f5264b127880004c1d408768cb0230f3c82c3d0cd8c78d735e97904e98788f
results/figures/supplement/Figure_S_AMSTAR2_heatmap.png,Result, 329.66K,41681c86a62e7ac28c322a7e56f8920a609032e9a6e81076dc55a8382e25a985
results/figures/supplement/Figure_S_AMSTAR2_heatmap.svg,Result, 194.76K,ea40e0434a66446736491ed6a3d147996d46cc370150583aabf851262fe93b2a
results/figures/supplement/Figure_S_ROBIS_heatmap.pdf,Result,  33.04K,c611d17106e6349f6ba9eba8f34d867657522892880d1a6a4136b56803593108
results/figures/supplement/Figure_S_ROBIS_heatmap.png,Result, 279.95K,381b61f2993a5d6d3781bda1989318a07be797b9301e1d5b5c70dcf956edb908
results/figures/supplement/Figure_S_ROBIS_heatmap.svg,Result,  70.98K,84c22490f9bf7415dda186b70eaf8e085773f4105a2b933637eba1069280c3d9
results/figures/supplement/Figure_S_conclusion_strength.pdf,Result,  35.73K,5b4a2aeeb2d2ac00a50c55675604697934a5369a30b7d7c0c459f14efcfdd63a
results/figures/supplement/Figure_S_conclusion_strength.png,Result, 137.42K,c3b4f5fc0a4f5687f6660499648abfb8a03857951c89debe07e5854207a6186f
results/figures/supplement/Figure_S_conclusion_strength.svg,Result,   8.99K,3058a1293a02cef94d2e264ef3a267710b7716eb2015490b854b38b7301259cd
results/figures/supplement/Figure_S_methods_over_time.pdf,Result,  41.12K,f59beac911a7ed12578f4ced719fed269cb93dfbde856d15134a4cc350a445ec
results/figures/supplement/Figure_S_methods_over_time.png,Result, 241.16K,39d8dceccb718e2c4d6337ee34734442d6539a22397e7b88646dbe4668e50b5d
results/figures/supplement/Figure_S_methods_over_time.svg,Result,   8.34K,9bf1607c28a706c3c644977dc17f38b3cd0977b248a1d672096a898047a355a4
results/figures/supplement/Figure_S_outcome_imbalance.pdf,Result,  35.03K,44bb626a58b3613f6183792cf0b7c84c5322da66e99cde1e2692a26251c50ec6
results/figures/supplement/Figure_S_outcome_imbalance.png,Result, 169.5K,809ed579f93f1e3b9855e1825f0c1bad9ed9e67c6fc5902944af1512e00d8349
results/figures/supplement/Figure_S_outcome_imbalance.svg,Result,   7.58K,ab7496bb460f612149fd4808fc32ef9185a2cc8e1cdc21b62b8af93696451cb6
results/figures/supplement/Figure_S_overlap_network.pdf,Result,  38.6K,38867d50014c407e14c7291a6fe50025aacfee52df13c5864d22ba1347d352d0
results/figures/supplement/Figure_S_overlap_network.png,Result,   3.5M,5028defd56ceff2b05845321601debd450153fcbcd250bb208bf300ddd20d473
results/figures/supplement/Figure_S_overlap_network.svg,Result,  47.08K,4366611c07c5885f535df11caf3faf229c30f84af79590127c80c91decb43ae9
results/figures/supplement/Figure_S_pairwise_jaccard.pdf,Result,  39.48K,0e7742970320b991a1ec72eb7e11ced49b19cbaa09d9ee2cd4dea0676825ceab
results/figures/supplement/Figure_S_pairwise_jaccard.png,Result, 508.24K,d4c0df8725638eb55e4a2341deddfa89bbda7d4b1b13643b08ecc7ca43836068
results/figures/supplement/Figure_S_pairwise_jaccard.svg,Result,  29.12K,8a79e1feafbedc7d75671687e50a1c47c9928c3c1d62d034c443eeadbd551ee9
results/figures/supplement/Figure_S_quality_architecture.pdf,Result,  32.8K,5721cfbff031f679927edff153b95d549f8b643e38a7e964582f3907ebda34b1
results/figures/supplement/Figure_S_quality_architecture.png,Result, 102.86K,a3a3a3e9ee7f93f11d044f5a0212b2df0bc1c4612288f2e71fcbef163b84c2c3
results/figures/supplement/Figure_S_quality_architecture.svg,Result,   4.81K,346aa0ec0e47eec645cec29505b83f2a27e59f2b2180b7a8fac3a496ee020863
results/figures/supplement/Forest_C01_EM_OR.pdf,Result,  38.26K,bac904c3000940fbe4cc8ca94432f706c06abaceef09666cf3b348912a35c2c5
results/figures/supplement/Forest_C01_EM_OR.png,Result, 255.28K,0687a97d239f366080bba7b8a8165824f4e62fe400e3bd7239e8a4293b2e9de2
results/figures/supplement/Forest_C01_EM_OR.svg,Result,  10.06K,583db6c576ccbb149dc83037c0355c17403d032db3f7de19836d67c488776ba1
results/figures/supplement/Forest_C02_EM_OR.pdf,Result,  37.91K,f20629af35fd102d433a38aca78d4a492b19b6dbcad86308dd91b14777b99ff7
results/figures/supplement/Forest_C02_EM_OR.png,Result, 282.96K,a48a20ee81932566c5aab378234066203f4553938d2ed07420322016a4ffc745
results/figures/supplement/Forest_C02_EM_OR.svg,Result,  11.24K,45290c2336de64d8f115b5f11a54dc13976eb91bd469b338b5e966960c516801
results/figures/supplement/Forest_C03_EM_OR.pdf,Result,  36.34K,d495fa3cab161a05c43bc57d32d6d195029c5b77af6fb12dd7f494ffb9c9c06b
results/figures/supplement/Forest_C03_EM_OR.png,Result, 195.53K,0b4e7861f189e8ec589408d146420f1fb116434392a6cb4877ccc3877d941329
results/figures/supplement/Forest_C03_EM_OR.svg,Result,   8.35K,e2d6952229b433b6f12766cf7b80b02fac730eb600cdc9b9ae70882a3b2dfeff
results/figures/supplement/Forest_C04_EM_OR.pdf,Result,  34.7K,b42be450a183f6ae31145314d87889eb78ca192d123951a104c4c6db61cd0e64
results/figures/supplement/Forest_C04_EM_OR.png,Result, 102.55K,d4609bd594a9d5709d6250e856a9caba90508a6737bbb01ec684572abbe33430
results/figures/supplement/Forest_C04_EM_OR.svg,Result,   4.23K,1241e0b3c2e09e4e7e411d0797bfb09063427f15a358b997a62636ec16ce0312
results/figures/supplement/Forest_C05_EM_RR.pdf,Result,  35.41K,1bc43f080d018f020996631e52747818a6e66132501ca79f96403234f458a7b0
results/figures/supplement/Forest_C05_EM_RR.png,Result, 115.49K,9cdfa12d11a7af0595b767d2fbd8359af5d989c0f2a6d4f927fcd6956ab7f09c
results/figures/supplement/Forest_C05_EM_RR.svg,Result,   4.82K,9153477bc0a4f50290cb78d22827858b808e3d952e5163b959f242351716a3e2
results/figures/supplement/Forest_C06_EM_OR.pdf,Result,  37.65K,b95ab08860b7ef25b46a7d6baf5e7ac6f3081d8984e38056cf58808c0c952d0e
results/figures/supplement/Forest_C06_EM_OR.png,Result, 216.5K,757c5addd8c484316c2a03e6696757738f900ca3fd7f019a1ed5c3c96b200d78
results/figures/supplement/Forest_C06_EM_OR.svg,Result,   8.37K,2e70d4a41b4ffd7306fd293c38cfd86ce6c524541e4142f54691c5de776b3ce3
results/figures/supplement/Forest_C06_EM_RR.pdf,Result,  35.25K,b662459c208e9ca133f6a7d59d6082fe2764cc163602b7457ae5cc4a694b5625
results/figures/supplement/Forest_C06_EM_RR.png,Result, 107.21K,6e55c99df303d8a7adab1780707693fdd499be71c6350bd731193c48871f96a9
results/figures/supplement/Forest_C06_EM_RR.svg,Result,   4.25K,1197fa8ee3f51d3fcbec99dbcf62bcc24e4122341da50b7b28358e484ba52211
results/figures/supplement/Forest_C08_EM_OR.pdf,Result,  35.16K,32f0787aab490b9c8fe8aa96d0c12ff929524f7eb36c53d8ad984d650b00c1cf
results/figures/supplement/Forest_C08_EM_OR.png,Result, 106.55K,b48c47ff4252fea6083b54c3bd3a1e175c2f37a433896b0ac28c4267f7a13db1
results/figures/supplement/Forest_C08_EM_OR.svg,Result,   4.23K,b0ba0bf032a5d52cf45b621cccdd93dd790eb5c13a7e9e890aa614dba2fe27d8
results/figures/supplement/Forest_C09_EM_HR.pdf,Result,  34.34K,ecb5fba74de5db4a5e5862acdf47d2f8d7ace06220ea4bbef2ff55128bbedda4
results/figures/supplement/Forest_C09_EM_HR.png,Result, 141.93K,b0c1a66edac5955a51bca16f6caae95fb731eb1be4345079953a3417059bf179
results/figures/supplement/Forest_C09_EM_HR.svg,Result,   6.01K,bf3de972da119377162baef61f2a27e54acbe5655393012a8f701bea5b34fc5b
results/figures/supplement/Forest_C09_EM_OR.pdf,Result,  37.36K,54eb1a8f075ecd64ca297a23485cecb447f1ea55bb2d4c1f7df0a6cd6c26b4f4
results/figures/supplement/Forest_C09_EM_OR.png,Result, 224.95K,4b582800981d1809860aa14d8b75fb913268833526cdf323e053a8241a76c3b0
results/figures/supplement/Forest_C09_EM_OR.svg,Result,   8.39K,cb664e3e6b4db24b08c60d41d4716ee5c045f5f66fb05be21adb7664ece37feb
results/figures/supplement/Forest_C10_EM_OR.pdf,Result,  34.33K,e0e9a5a99172d3c48cb80d95039a2c7fe07d5a4a2d633f7e3796d5a366f32ec8
results/figures/supplement/Forest_C10_EM_OR.png,Result, 111.47K,6b3ef15a9cb5d8b7645dc80e6c246bf407dd10c83f5307e87cc5031c8794de20
results/figures/supplement/Forest_C10_EM_OR.svg,Result,   4.82K,ca21a6a5be797fd201498148a1b49b40e7c741bbf122d28d5ab4d3f849273b35
results/figures/supplement/Forest_C11_EM_OR.pdf,Result,  36.52K,2c0e077cc7f1157a66732ed201ae0a403217b009a0e4fcf5bc5806e1fe14ca04
results/figures/supplement/Forest_C11_EM_OR.png,Result, 150.18K,2c2ef58c8f8ad7255237696b7d731c9bc81a47bf9c4b2e9555cf464d02b3c661
results/figures/supplement/Forest_C11_EM_OR.svg,Result,   6.02K,96102dfca0ac691f1ef9e7f9079c0485f009ddb95bf067da97719b138358377b
results/figures/supplement/Forest_C15_EM_OR.pdf,Result,  36.12K,215b61ef68ed6a2d17aa2407c3a0000a4bd3dcc492821bf1523c830fa64cbed2
results/figures/supplement/Forest_C15_EM_OR.png,Result, 107.81K,2e61fa05a921e6e414977d707d9429e05d80c2bf0d86628928cdb06a6d7df85d
results/figures/supplement/Forest_C15_EM_OR.svg,Result,   4.24K,db94eb021ea4cd1494b8f665fba4202ddd61895530701b5a68bc4c5dcc0b5318
results/figures/supplement/Forest_C15_EM_RR.pdf,Result,  37.44K,aa6c5e318c760c66435f8a837c8a87a95e846610927c4b179a3dff10aad8b1c8
results/figures/supplement/Forest_C15_EM_RR.png,Result, 130.47K,c63636d54c5836c8e4302d83e9226eace440788e23b0ed2c0e29f2b5f31f5446
results/figures/supplement/Forest_C15_EM_RR.svg,Result,   5.4K,1eeb6b2cbf98ed22b281dc86b02e6887cf44e771e15a7efe34efb92e9e0ea847
results/figures/supplement/Forest_continuous_outcomes.pdf,Result,  32.1K,27074f4b3035e000ec1a4634f5ee893cfc955bd8fa3b2fd74fd521315834a40a
results/figures/supplement/Forest_continuous_outcomes.png,Result,  84.83K,5dc3b20abdbe4056ef71e68fe4ead21e8c5f9e52b33d13d43d714372871bb2d5
results/figures/supplement/Forest_continuous_outcomes.svg,Result,   3.55K,a73ea3ece3309c37e6ab6df6bd48d73cce2dcb3d99f6215ffcf59991edfa6353
results/manuscript_data/analysis_data_dictionary.csv,Result,   4K,a013e1e2b4419de6021c239549cb49a683d048b8237e8c332e589c16c00e22fb
results/manuscript_data/anchor_effects_publication_final.csv,Result, 270.04K,376b6c5589bbfb9b8a177d1337a723b1a27f2d2c34aafa25fecbeaaccb5f1408
results/manuscript_data/claims_guardrail.csv,Result,   2.09K,928e03a2c9422bdb807dda7d21351e20c13a93efd4beac2e2f0e33232056f607
results/manuscript_data/effects_publication_final.csv,Result, 944.04K,49e8e8294610718f036e6311943352ce7d39b8bc995c7306cc253a150aacb4c3
results/tables/02c_publication_qc_audit.xlsx,Result,  15.45K,c0f5eb9c85153ab73b484c7d428151498e509974738707bfb461471ea9285da5
results/tables/03_descriptive_review_tables.xlsx,Result,  15.98K,cced2a5162d1ce7256fa0b88f01a20d65191b794762ba35b1399dd4c1d8e47fc
results/tables/04_anchor_selection_audit.xlsx,Result,  43.46K,7071b3406ed94aef2a19a75373ba4cfd1bbb7b1e24c0c8576597b63d0be71067
results/tables/05_effect_display_tables.xlsx,Result,  23.12K,ff9b678123b454c27e21090dcfdb9129666ee32ddafa59dda23ee2bbf48d6fcb
results/tables/06_evidence_map_tables.xlsx,Result,  14.93K,63d8897eb53f27f5ff4e851909e380251ebcf28ca377bb191b542bf4e842a0c1
results/tables/07_tradeoff_translation_tables.xlsx,Result,  19.76K,6fde03e4f060b69150849b0590b82a6d4b3eaade18e310012e7ba65757689363
results/tables/08_overlap_tables.xlsx,Result,  59.57K,e417ce552879a36e8796ad39a4d80dabf9b79d477448b270f8b651e96572d762
results/tables/09_quality_conclusion_tables.xlsx,Result,   9.54K,6f6baad68f37489a7d17f6d82b83727641189329a32f5520ac05dc9ce7e7c80c
results/tables/10_sensitivity_tables.xlsx,Result,  26.35K,2e6fc4c3330427deb2848ad419d85fae085a1478b75e75425d8239721381bcec
results/tables/Claims_guardrail.csv,Result,   2.09K,928e03a2c9422bdb807dda7d21351e20c13a93efd4beac2e2f0e33232056f607
results/tables/Figure_index.csv,Result,   5.48K,8bc9e834d1fceee87b801c126d017832117dc5f113dce52d0479c18c40b5d3eb
results/tables/Supplement_all_anchor_effects.csv,Result,  30.92K,ebd5bd4ff350e3039f0d500af5d6472fca9b041bd2757975fe11f64c1e3d3132
results/tables/Supplement_all_prognostic.csv,Result,   2.63K,4c5370832d1c581e8a55e94ee3c8f62ad83f9bd8ab5092d549d8ea41627dd209
results/tables/Supplement_evidence_gaps.csv,Result,   4.32K,db2800aee5f29c40efd97f2f0c3083d1adca17c1ecf053609d411c99599befd7
results/tables/Table1_review_characteristics.csv,Result,  70.62K,05d53dd5e0f9ee71b87b488aba2100471b2e9063859335d2635938b66912266b
results/tables/Table2_decision_matrix.csv,Result,   8.62K,fe973977fdd29c0014fe7f983cedad93a833d29a665fd3f7dc344859af9f528f
results/tables/Table3_main_anchor_effects.csv,Result,  16.23K,7a74574bd1e53395c42e0868c6136833ad7b942bc1d4dc6a9c0316a26a03bbd4
results/tables/Table4_perioperative_risk.csv,Result,   2.95K,dd6d85d76d3d2cd30c11dce183f195a57ab70dcc8d116868c4d1d3e1a09f9f5f
results/tables/Table5_methodological_summary.csv,Result, 284,d72f87ec6032432c4198226b1b1be0e70fb77187c1eb81c26d121439e9f8b812
results/tables/Table6_priority_gaps.csv,Result,   1.94K,5a8375f4f7e08fcc46f9345782e970067e4d69ef696da6110c42fe4b686aefd8
results/tables/moyamoya_manuscript_tables.xlsx,Result,  62.34K,7361416c1b587acfbe3ed158aae85d12b44b7d3ba5bf70c8242d4b995261da21
