Effect ID,Review ID,Screening ID,phenotype_code,comparison_id,outcome_code,horizon_code,unit_code,measure_code,analysis_role,comparison_orientation,orientation_provenance,outcome_benefit_multiplier,evidence_cell_id,forest_panel_id,mapping_confidence,manual_review_flag,comparison_text_mismatch,phenotype_provenance,comparison_provenance,outcome_provenance,horizon_provenance,unit_provenance,measure_provenance,mapping_note
E0001,R003,MOY-0187,MIXED_UNSEP,C00,O11,T4,U02,EM_PROPORTION,SURROGATE_DESCRIPTIVE,0,not_orientable,1,MIXED_UNSEP|C00|O11|T4|U02,MIXED_UNSEP|C00|O11|T4|U02|EM_PROPORTION,Moderate,True,False,review_profile,no_authorized_comparison,keyword,mixed_or_unspecified_followup,exact,proportion,C00 and O99 are operational noninferential codes and do not create new SAP comparisons/outcomes.
E0002,R003,MOY-0187,MIXED_UNSEP,C00,O12,T1,U07,EM_MD,SURROGATE_DESCRIPTIVE,0,not_orientable,0,MIXED_UNSEP|C00|O12|T1|U07,MIXED_UNSEP|C00|O12|T1|U07|EM_MD,Moderate,True,False,review_profile,no_authorized_comparison,keyword,early,mixed_or_unclear,exact,C00 and O99 are operational noninferential codes and do not create new SAP comparisons/outcomes.
E0003,R004,MOY-0057,MIXED_UNSEP,C00,O04,T1,U07,EM_PROPORTION,DESCRIPTIVE,0,not_orientable,-1,MIXED_UNSEP|C00|O04|T1|U07,MIXED_UNSEP|C00|O04|T1|U07|EM_PROPORTION,Moderate,True,False,review_profile,no_authorized_comparison,keyword_horizon,early,mixed_or_unclear,proportion,C00 and O99 are operational noninferential codes and do not create new SAP comparisons/outcomes.
E0004,R004,MOY-0057,MIXED_UNSEP,C00,O01,T1,U07,EM_PROPORTION,DESCRIPTIVE,0,not_orientable,-1,MIXED_UNSEP|C00|O01|T1|U07,MIXED_UNSEP|C00|O01|T1|U07|EM_PROPORTION,Moderate,True,False,review_profile,no_authorized_comparison,keyword_horizon,early,mixed_or_unclear,proportion,C00 and O99 are operational noninferential codes and do not create new SAP comparisons/outcomes.
E0005,R004,MOY-0057,MIXED_UNSEP,C00,O09,T1,U07,EM_PROPORTION,DESCRIPTIVE,0,not_orientable,-1,MIXED_UNSEP|C00|O09|T1|U07,MIXED_UNSEP|C00|O09|T1|U07|EM_PROPORTION,Moderate,True,False,review_profile,no_authorized_comparison,keyword,early,mixed_or_unclear,proportion,C00 and O99 are operational noninferential codes and do not create new SAP comparisons/outcomes.
E0006,R004,MOY-0057,MIXED_UNSEP,C00,O04,T1,U07,EM_PROPORTION,DESCRIPTIVE,0,not_orientable,-1,MIXED_UNSEP|C00|O04|T1|U07,MIXED_UNSEP|C00|O04|T1|U07|EM_PROPORTION,Moderate,True,False,review_profile,no_authorized_comparison,keyword_horizon,early,mixed_or_unclear,proportion,C00 and O99 are operational noninferential codes and do not create new SAP comparisons/outcomes.
E0007,R006,MOY-0138,ASYM_STABLE,C00,O99,T4,U01,EM_PROPORTION,DESCRIPTIVE,0,not_orientable,0,ASYM_STABLE|C00|O99|T4|U01,ASYM_STABLE|C00|O99|T4|U01|EM_PROPORTION,Moderate,True,False,review_profile,no_authorized_comparison,other_or_composite,mixed_or_unspecified_followup,exact,proportion,C00 and O99 are operational noninferential codes and do not create new SAP comparisons/outcomes.
E0008,R007,MOY-0045,ASYM_STABLE,C08,O07,T3,U01,EM_RATE,DESCRIPTIVE_WITH_COMPARATOR,0,not_orientable,-1,ASYM_STABLE|C08|O07|T3|U01,ASYM_STABLE|C08|O07|T3|U01|EM_RATE,High,False,False,review_profile,review_profile,keyword,long_term,exact,rate,
E0009,R009,MOY-0180,ADULT_MIX,C01,O02,T3,U01,EM_OR,COMPARATIVE,1,canonical,-1,ADULT_MIX|C01|O02|T3|U01,ADULT_MIX|C01|O02|T3|U01|EM_OR,High,False,False,review_profile,text_rule,keyword,long_term,exact,exact,
E0010,R009,MOY-0180,ADULT_MIX,C01,O05,T3,U01,EM_OR,COMPARATIVE,1,canonical,-1,ADULT_MIX|C01|O05|T3|U01,ADULT_MIX|C01|O05|T3|U01|EM_OR,High,False,False,review_profile,text_rule,keyword,long_term,exact,exact,
E0011,R009,MOY-0180,ADULT_ISCH,C01,O05,T3,U01,EM_OR,COMPARATIVE,1,canonical,-1,ADULT_ISCH|C01|O05|T3|U01,ADULT_ISCH|C01|O05|T3|U01|EM_OR,High,False,False,subgroup_text,text_rule,keyword,long_term,exact,exact,
E0012,R009,MOY-0180,ADULT_HEM,C06,O05,T3,U01,EM_OR,COMPARATIVE,1,canonical,-1,ADULT_HEM|C06|O05|T3|U01,ADULT_HEM|C06|O05|T3|U01|EM_OR,High,False,False,subgroup_text,text_rule,keyword,long_term,exact,exact,
E0013,R009,MOY-0180,ADULT_HEM,C06,O05,T3,U01,EM_OR,COMPARATIVE,1,canonical,-1,ADULT_HEM|C06|O05|T3|U01,ADULT_HEM|C06|O05|T3|U01|EM_OR,High,False,False,subgroup_text,text_rule,keyword,long_term,exact,exact,
E0014,R010,MOY-0073,ADULT_MIX,C13,O11,T4,U04,EM_PROPORTION,DESCRIPTIVE_WITH_COMPARATOR,1,canonical,1,ADULT_MIX|C13|O11|T4|U04,ADULT_MIX|C13|O11|T4|U04|EM_PROPORTION,High,False,False,review_profile,review_profile,keyword,mixed_or_unspecified_followup,exact,proportion,
E0015,R010,MOY-0073,ADULT_MIX,C13,O12,T4,U04,EM_CONTINUOUS_OTHER,DESCRIPTIVE_WITH_COMPARATOR,1,canonical,0,ADULT_MIX|C13|O12|T4|U04,ADULT_MIX|C13|O12|T4|U04|EM_CONTINUOUS_OTHER,High,False,False,review_profile,review_profile,keyword,mixed_or_unspecified_followup,exact,continuous_other,
E0016,R011,MOY-0155,PED_MIX,C00,O02,T4,U07,EM_OR,PROGNOSTIC,0,not_orientable,-1,PED_MIX|C00|O02|T4|U07,PED_MIX|C00|O02|T4|U07|EM_OR,Moderate,True,False,age_subgroup_text,no_authorized_comparison,risk_review_target,mixed_or_unspecified_followup,mixed_or_unclear,exact,C00 and O99 are operational noninferential codes and do not create new SAP comparisons/outcomes.
E0017,R011,MOY-0155,MIXED_UNSEP,C00,O02,T4,U07,EM_OR,PROGNOSTIC,0,not_orientable,-1,MIXED_UNSEP|C00|O02|T4|U07,MIXED_UNSEP|C00|O02|T4|U07|EM_OR,Moderate,True,False,review_profile,no_authorized_comparison,risk_review_target,mixed_or_unspecified_followup,mixed_or_unclear,exact,C00 and O99 are operational noninferential codes and do not create new SAP comparisons/outcomes.
E0018,R011,MOY-0155,MIXED_UNSEP,C00,O02,T4,U07,EM_OR,PROGNOSTIC,0,not_orientable,-1,MIXED_UNSEP|C00|O02|T4|U07,MIXED_UNSEP|C00|O02|T4|U07|EM_OR,Moderate,True,False,review_profile,no_authorized_comparison,risk_review_target,mixed_or_unspecified_followup,mixed_or_unclear,exact,C00 and O99 are operational noninferential codes and do not create new SAP comparisons/outcomes.
E0019,R011,MOY-0155,MIXED_UNSEP,C00,O02,T4,U07,EM_OR,PROGNOSTIC,0,not_orientable,-1,MIXED_UNSEP|C00|O02|T4|U07,MIXED_UNSEP|C00|O02|T4|U07|EM_OR,Moderate,True,False,review_profile,no_authorized_comparison,risk_review_target,mixed_or_unspecified_followup,mixed_or_unclear,exact,C00 and O99 are operational noninferential codes and do not create new SAP comparisons/outcomes.
E0020,R012,MOY-0094,ADULT_HEM,C06,O05,T4,U01,EM_COUNT,DESCRIPTIVE_WITH_COMPARATOR,0,not_orientable,-1,ADULT_HEM|C06|O05|T4|U01,ADULT_HEM|C06|O05|T4|U01|EM_COUNT,High,False,False,review_profile,review_profile,keyword,mixed_or_unspecified_followup,exact,exact,
E0022,R015,MOY-1176,PED_MIX,C00,O99,T4,U01,EM_PROPORTION,DESCRIPTIVE,0,not_orientable,0,PED_MIX|C00|O99|T4|U01,PED_MIX|C00|O99|T4|U01|EM_PROPORTION,Moderate,True,False,review_profile,no_authorized_comparison,other_or_composite,mixed_or_unspecified_followup,exact,proportion,C00 and O99 are operational noninferential codes and do not create new SAP comparisons/outcomes.
E0023,R017,MOY-0072,MIXED_UNSEP,C10,O99,T3,U07,EM_OTHER,DESCRIPTIVE_WITH_COMPARATOR,-1,reversed,0,MIXED_UNSEP|C10|O99|T3|U07,MIXED_UNSEP|C10|O99|T3|U07|EM_OTHER,Low,True,False,review_profile,review_profile,other_or_composite,long_term,mixed_or_unclear,other,C00 and O99 are operational noninferential codes and do not create new SAP comparisons/outcomes.
E0024,R019,MOY-0114,ADULT_MIX,C01,O02,T4,U01,EM_OR,COMPARATIVE,1,canonical,-1,ADULT_MIX|C01|O02|T4|U01,ADULT_MIX|C01|O02|T4|U01|EM_OR,High,False,False,review_profile,text_rule,keyword,mixed_or_unspecified_followup,exact,exact,
E0025,R019,MOY-0114,ADULT_MIX,C02,O02,T4,U07,EM_OR,COMPARATIVE,1,canonical,-1,ADULT_MIX|C02|O02|T4|U07,ADULT_MIX|C02|O02|T4|U07|EM_OR,High,False,False,review_profile,text_rule,keyword,mixed_or_unspecified_followup,mixed_or_unclear,exact,
E0026,R021,MOY-0178,MIXED_UNSEP,C00,O01,T1,U03,EM_PROPORTION,DESCRIPTIVE,0,not_orientable,-1,MIXED_UNSEP|C00|O01|T1|U03,MIXED_UNSEP|C00|O01|T1|U03|EM_PROPORTION,Moderate,True,False,review_profile,no_authorized_comparison,keyword_horizon,early,exact,proportion,C00 and O99 are operational noninferential codes and do not create new SAP comparisons/outcomes.
E0027,R021,MOY-0178,MIXED_UNSEP,C00,O01,T1,U03,EM_OR,DESCRIPTIVE,0,not_orientable,-1,MIXED_UNSEP|C00|O01|T1|U03,MIXED_UNSEP|C00|O01|T1|U03|EM_OR,Moderate,True,False,review_profile,no_authorized_comparison,keyword_horizon,early,exact,exact,C00 and O99 are operational noninferential codes and do not create new SAP comparisons/outcomes.
E0028,R021,MOY-0178,MIXED_UNSEP,C03,O01,T1,U07,EM_PROPORTION,DESCRIPTIVE_WITH_COMPARATOR,1,canonical,-1,MIXED_UNSEP|C03|O01|T1|U07,MIXED_UNSEP|C03|O01|T1|U07|EM_PROPORTION,Moderate,True,False,review_profile,text_rule,keyword_horizon,early,mixed_or_unclear,proportion,
E0029,R021,MOY-0178,MIXED_UNSEP,C03,O10,T4,U02,EM_PROPORTION,DESCRIPTIVE_WITH_COMPARATOR,1,canonical,1,MIXED_UNSEP|C03|O10|T4|U02,MIXED_UNSEP|C03|O10|T4|U02|EM_PROPORTION,High,False,False,review_profile,text_rule,keyword,mixed_or_unspecified_followup,exact,proportion,
E0030,R024,MOY-0066,ADULT_ISCH,C02,O10,T3,U02,EM_RR,COMPARATIVE,0,not_orientable,1,ADULT_ISCH|C02|O10|T3|U02,ADULT_ISCH|C02|O10|T3|U02|EM_RR,High,False,False,review_profile,review_profile,keyword,long_term,exact,exact,
E0031,R024,MOY-0066,ADULT_ISCH,C02,O12,T3,U02,EM_RR,COMPARATIVE,0,not_orientable,0,ADULT_ISCH|C02|O12|T3|U02,ADULT_ISCH|C02|O12|T3|U02|EM_RR,High,False,False,review_profile,review_profile,keyword,long_term,exact,exact,
E0032,R024,MOY-0066,ADULT_ISCH,C02,O99,T1,U02,EM_RR,COMPARATIVE,0,not_orientable,0,ADULT_ISCH|C02|O99|T1|U02,ADULT_ISCH|C02|O99|T1|U02|EM_RR,High,False,False,review_profile,review_profile,other_or_composite,early,exact,exact,C00 and O99 are operational noninferential codes and do not create new SAP comparisons/outcomes.
E0033,R029,MOY-0112,MIXED_UNSEP,C01,O02,T4,U07,EM_OR,COMPARATIVE,1,canonical,-1,MIXED_UNSEP|C01|O02|T4|U07,MIXED_UNSEP|C01|O02|T4|U07|EM_OR,Moderate,True,False,review_profile,text_rule,keyword,mixed_or_unspecified_followup,mixed_or_unclear,exact,
E0034,R029,MOY-0112,ADULT_HEM,C06,O05,T4,U07,EM_OR,COMPARATIVE,1,canonical,-1,ADULT_HEM|C06|O05|T4|U07,ADULT_HEM|C06|O05|T4|U07|EM_OR,High,False,False,subgroup_text,text_rule,keyword,mixed_or_unspecified_followup,mixed_or_unclear,exact,
E0035,R029,MOY-0112,ADULT_ISCH,C01,O02,T4,U07,EM_OR,COMPARATIVE,1,canonical,-1,ADULT_ISCH|C01|O02|T4|U07,ADULT_ISCH|C01|O02|T4|U07|EM_OR,High,False,False,subgroup_text,text_rule,keyword,mixed_or_unspecified_followup,mixed_or_unclear,exact,
E0036,R029,MOY-0112,MIXED_UNSEP,C01,O12,T4,U07,EM_OR,COMPARATIVE,1,canonical,0,MIXED_UNSEP|C01|O12|T4|U07,MIXED_UNSEP|C01|O12|T4|U07|EM_OR,Moderate,True,False,review_profile,text_rule,keyword,mixed_or_unspecified_followup,mixed_or_unclear,exact,
E0037,R029,MOY-0112,ADULT_HEM,C06,O07,T4,U07,EM_OR,COMPARATIVE,1,canonical,-1,ADULT_HEM|C06|O07|T4|U07,ADULT_HEM|C06|O07|T4|U07|EM_OR,High,False,False,subgroup_text,text_rule,keyword,mixed_or_unspecified_followup,mixed_or_unclear,exact,
E0038,R029,MOY-0112,MIXED_UNSEP,C02,O02,T4,U01,EM_OR,COMPARATIVE,1,canonical,-1,MIXED_UNSEP|C02|O02|T4|U01,MIXED_UNSEP|C02|O02|T4|U01|EM_OR,High,False,False,review_profile,text_rule,keyword,mixed_or_unspecified_followup,exact,exact,
E0039,R029,MOY-0112,MIXED_UNSEP,C02,O99,T1,U01,EM_OR,COMPARATIVE,1,canonical,0,MIXED_UNSEP|C02|O99|T1|U01,MIXED_UNSEP|C02|O99|T1|U01|EM_OR,Moderate,True,False,review_profile,text_rule,other_or_composite,early,exact,exact,C00 and O99 are operational noninferential codes and do not create new SAP comparisons/outcomes.
E0040,R030,MOY-0011,MIXED_UNSEP,C03,O01,T4,U07,EM_MIXED_RATIO,DESCRIPTIVE_WITH_COMPARATOR,1,canonical,-1,MIXED_UNSEP|C03|O01|T4|U07,MIXED_UNSEP|C03|O01|T4|U07|EM_MIXED_RATIO,Moderate,True,False,review_profile,text_rule,keyword_horizon,mixed_or_unspecified_followup,mixed_or_unclear,mixed,
E0041,R032,MOY-0136,PED_MIX,C00,O09,T4,U01,EM_PROPORTION,DESCRIPTIVE,0,not_orientable,-1,PED_MIX|C00|O09|T4|U01,PED_MIX|C00|O09|T4|U01|EM_PROPORTION,High,False,False,review_profile,review_profile,keyword,mixed_or_unspecified_followup,exact,proportion,C00 and O99 are operational noninferential codes and do not create new SAP comparisons/outcomes.
E0042,R032,MOY-0136,PED_MIX,C00,O01,T4,U01,EM_PROPORTION,DESCRIPTIVE,0,not_orientable,-1,PED_MIX|C00|O01|T4|U01,PED_MIX|C00|O01|T4|U01|EM_PROPORTION,High,False,False,review_profile,review_profile,keyword_horizon,mixed_or_unspecified_followup,exact,proportion,C00 and O99 are operational noninferential codes and do not create new SAP comparisons/outcomes.
E0043,R033,MOY-0035,MIXED_UNSEP,C09,O07,T4,U01,EM_MIXED_RATIO,DESCRIPTIVE_WITH_COMPARATOR,1,canonical,-1,MIXED_UNSEP|C09|O07|T4|U01,MIXED_UNSEP|C09|O07|T4|U01|EM_MIXED_RATIO,Moderate,True,False,review_profile,review_profile,keyword,mixed_or_unspecified_followup,exact,mixed,
E0044,R034,MOY-0137,ADULT_MIX,C00,O09,T4,U07,EM_PROPORTION,DESCRIPTIVE,0,not_orientable,-1,ADULT_MIX|C00|O09|T4|U07,ADULT_MIX|C00|O09|T4|U07|EM_PROPORTION,Moderate,True,False,review_profile,no_authorized_comparison,keyword,mixed_or_unspecified_followup,mixed_or_unclear,proportion,C00 and O99 are operational noninferential codes and do not create new SAP comparisons/outcomes.
E0045,R034,MOY-0137,ADULT_MIX,C00,O01,T4,U07,EM_PROPORTION,DESCRIPTIVE,0,not_orientable,-1,ADULT_MIX|C00|O01|T4|U07,ADULT_MIX|C00|O01|T4|U07|EM_PROPORTION,Moderate,True,False,review_profile,no_authorized_comparison,keyword_horizon,mixed_or_unspecified_followup,mixed_or_unclear,proportion,C00 and O99 are operational noninferential codes and do not create new SAP comparisons/outcomes.
E0046,R034,MOY-0137,ADULT_MIX,C00,O05,T4,U07,EM_PROPORTION,DESCRIPTIVE,0,not_orientable,-1,ADULT_MIX|C00|O05|T4|U07,ADULT_MIX|C00|O05|T4|U07|EM_PROPORTION,Moderate,True,False,review_profile,no_authorized_comparison,keyword,mixed_or_unspecified_followup,mixed_or_unclear,proportion,C00 and O99 are operational noninferential codes and do not create new SAP comparisons/outcomes.
E0047,R034,MOY-0137,ADULT_MIX,C00,O08,T4,U07,EM_PROPORTION,DESCRIPTIVE,0,not_orientable,-1,ADULT_MIX|C00|O08|T4|U07,ADULT_MIX|C00|O08|T4|U07|EM_PROPORTION,Moderate,True,False,review_profile,no_authorized_comparison,keyword,mixed_or_unspecified_followup,mixed_or_unclear,proportion,C00 and O99 are operational noninferential codes and do not create new SAP comparisons/outcomes.
E0048,R038,MOY-0135,MIXED_UNSEP,C00,O13,T4,U07,EM_DESCRIPTIVE,PATIENT_CENTERED_DESCRIPTIVE,0,not_orientable,0,MIXED_UNSEP|C00|O13|T4|U07,MIXED_UNSEP|C00|O13|T4|U07|EM_DESCRIPTIVE,Low,True,False,review_profile,review_profile,keyword,mixed_or_unspecified_followup,mixed_or_unclear,descriptive,C00 and O99 are operational noninferential codes and do not create new SAP comparisons/outcomes.
E0049,R039,MOY-0100,MIXED_UNSEP,C00,O08,T1,U07,EM_PROPORTION,DESCRIPTIVE,0,not_orientable,-1,MIXED_UNSEP|C00|O08|T1|U07,MIXED_UNSEP|C00|O08|T1|U07|EM_PROPORTION,Moderate,True,False,review_profile,no_authorized_comparison,keyword,early,mixed_or_unclear,proportion,C00 and O99 are operational noninferential codes and do not create new SAP comparisons/outcomes.
E0050,R041,MOY-0131,MMS_SCD,C14,O01,T1,U01,EM_PROPORTION,DESCRIPTIVE_WITH_COMPARATOR,1,canonical,-1,MMS_SCD|C14|O01|T1|U01,MMS_SCD|C14|O01|T1|U01|EM_PROPORTION,High,False,False,review_profile,review_profile,keyword_horizon,early,exact,proportion,
E0051,R041,MOY-0131,MMS_SCD,C14,O01,T3,U07,EM_PROPORTION,DESCRIPTIVE_WITH_COMPARATOR,1,canonical,-1,MMS_SCD|C14|O01|T3|U07,MMS_SCD|C14|O01|T3|U07|EM_PROPORTION,High,False,False,review_profile,review_profile,keyword_horizon,long_term,mixed_or_unclear,proportion,
E0052,R041,MOY-0131,MMS_SCD,C14,O99,T4,U07,EM_PROPORTION,DESCRIPTIVE_WITH_COMPARATOR,-1,reversed,0,MMS_SCD|C14|O99|T4|U07,MMS_SCD|C14|O99|T4|U07|EM_PROPORTION,Moderate,True,False,review_profile,review_profile,other_or_composite,mixed_or_unspecified_followup,mixed_or_unclear,proportion,C00 and O99 are operational noninferential codes and do not create new SAP comparisons/outcomes.
E0053,R042,MOY-0068,ADULT_MIX,C02,O01,T1,U07,EM_OR,COMPARATIVE,1,canonical,-1,ADULT_MIX|C02|O01|T1|U07,ADULT_MIX|C02|O01|T1|U07|EM_OR,High,False,False,review_profile,text_rule,keyword_horizon,early,mixed_or_unclear,exact,
E0054,R042,MOY-0068,ADULT_MIX,C02,O02,T3,U07,EM_OR,COMPARATIVE,1,canonical,-1,ADULT_MIX|C02|O02|T3|U07,ADULT_MIX|C02|O02|T3|U07|EM_OR,High,False,False,review_profile,text_rule,keyword,long_term,mixed_or_unclear,exact,
E0055,R042,MOY-0068,ADULT_MIX,C02,O05,T3,U07,EM_OR,COMPARATIVE,1,canonical,-1,ADULT_MIX|C02|O05|T3|U07,ADULT_MIX|C02|O05|T3|U07|EM_OR,High,False,False,review_profile,text_rule,keyword,long_term,mixed_or_unclear,exact,
E0056,R042,MOY-0068,ADULT_MIX,C02,O06,T3,U07,EM_OR,COMPARATIVE,1,canonical,1,ADULT_MIX|C02|O06|T3|U07,ADULT_MIX|C02|O06|T3|U07|EM_OR,High,False,False,review_profile,text_rule,keyword,long_term,mixed_or_unclear,exact,
E0057,R042,MOY-0068,ADULT_MIX,C03,O01,T1,U07,EM_OR,COMPARATIVE,1,canonical,-1,ADULT_MIX|C03|O01|T1|U07,ADULT_MIX|C03|O01|T1|U07|EM_OR,High,False,False,review_profile,text_rule,keyword_horizon,early,mixed_or_unclear,exact,
E0058,R042,MOY-0068,ADULT_MIX,C03,O02,T3,U07,EM_OR,COMPARATIVE,1,canonical,-1,ADULT_MIX|C03|O02|T3|U07,ADULT_MIX|C03|O02|T3|U07|EM_OR,High,False,False,review_profile,text_rule,keyword,long_term,mixed_or_unclear,exact,
E0059,R042,MOY-0068,ADULT_MIX,C03,O05,T3,U07,EM_OR,COMPARATIVE,1,canonical,-1,ADULT_MIX|C03|O05|T3|U07,ADULT_MIX|C03|O05|T3|U07|EM_OR,High,False,False,review_profile,text_rule,keyword,long_term,mixed_or_unclear,exact,
E0060,R042,MOY-0068,ADULT_MIX,C03,O06,T3,U07,EM_OR,COMPARATIVE,1,canonical,1,ADULT_MIX|C03|O06|T3|U07,ADULT_MIX|C03|O06|T3|U07|EM_OR,High,False,False,review_profile,text_rule,keyword,long_term,mixed_or_unclear,exact,
E0061,R042,MOY-0068,ADULT_MIX,C04,O04,T1,U07,EM_OR,COMPARATIVE,1,canonical,-1,ADULT_MIX|C04|O04|T1|U07,ADULT_MIX|C04|O04|T1|U07|EM_OR,High,False,False,review_profile,text_rule,keyword_horizon,early,mixed_or_unclear,exact,
E0062,R042,MOY-0068,ADULT_MIX,C03,O04,T1,U07,EM_OR,COMPARATIVE,0,not_orientable,-1,ADULT_MIX|C03|O04|T1|U07,ADULT_MIX|C03|O04|T1|U07|EM_OR,High,False,False,review_profile,review_text_rule,keyword_horizon,early,mixed_or_unclear,exact,
E0063,R042,MOY-0068,ADULT_MIX,C02,O02,T3,U07,EM_OR,COMPARATIVE,1,canonical,-1,ADULT_MIX|C02|O02|T3|U07,ADULT_MIX|C02|O02|T3|U07|EM_OR,High,False,False,review_profile,text_rule,keyword,long_term,mixed_or_unclear,exact,
E0064,R042,MOY-0068,ADULT_MIX,C02,O05,T3,U07,EM_OR,COMPARATIVE,1,canonical,-1,ADULT_MIX|C02|O05|T3|U07,ADULT_MIX|C02|O05|T3|U07|EM_OR,High,False,False,review_profile,text_rule,keyword,long_term,mixed_or_unclear,exact,
E0065,R042,MOY-0068,ADULT_MIX,C03,O02,T3,U07,EM_OR,COMPARATIVE,1,canonical,-1,ADULT_MIX|C03|O02|T3|U07,ADULT_MIX|C03|O02|T3|U07|EM_OR,High,False,False,review_profile,text_rule,keyword,long_term,mixed_or_unclear,exact,
E0066,R042,MOY-0068,ADULT_MIX,C03,O05,T3,U07,EM_OR,COMPARATIVE,1,canonical,-1,ADULT_MIX|C03|O05|T3|U07,ADULT_MIX|C03|O05|T3|U07|EM_OR,High,False,False,review_profile,text_rule,keyword,long_term,mixed_or_unclear,exact,
E0067,R042,MOY-0068,ADULT_MIX,C03,O06,T3,U07,EM_OR,COMPARATIVE,1,canonical,1,ADULT_MIX|C03|O06|T3|U07,ADULT_MIX|C03|O06|T3|U07|EM_OR,High,False,False,review_profile,text_rule,keyword,long_term,mixed_or_unclear,exact,
E0068,R043,MOY-0166,MIXED_UNSEP,C13,O11,T4,U07,EM_PROPORTION,DESCRIPTIVE_WITH_COMPARATOR,1,canonical,1,MIXED_UNSEP|C13|O11|T4|U07,MIXED_UNSEP|C13|O11|T4|U07|EM_PROPORTION,Moderate,True,False,review_profile,review_profile,keyword,mixed_or_unspecified_followup,mixed_or_unclear,proportion,
E0069,R043,MOY-0166,MIXED_UNSEP,C13,O11,T4,U07,EM_PROPORTION,DESCRIPTIVE_WITH_COMPARATOR,1,canonical,1,MIXED_UNSEP|C13|O11|T4|U07,MIXED_UNSEP|C13|O11|T4|U07|EM_PROPORTION,Moderate,True,False,review_profile,review_profile,keyword,mixed_or_unspecified_followup,mixed_or_unclear,proportion,
E0070,R043,MOY-0166,MIXED_UNSEP,C13,O07,T4,U07,EM_PROPORTION,DESCRIPTIVE_WITH_COMPARATOR,1,canonical,-1,MIXED_UNSEP|C13|O07|T4|U07,MIXED_UNSEP|C13|O07|T4|U07|EM_PROPORTION,Moderate,True,False,review_profile,review_profile,keyword,mixed_or_unspecified_followup,mixed_or_unclear,proportion,
E0071,R043,MOY-0166,MIXED_UNSEP,C13,O06,T4,U07,EM_PROPORTION,DESCRIPTIVE_WITH_COMPARATOR,1,canonical,1,MIXED_UNSEP|C13|O06|T4|U07,MIXED_UNSEP|C13|O06|T4|U07|EM_PROPORTION,Moderate,True,False,review_profile,review_profile,keyword,mixed_or_unspecified_followup,mixed_or_unclear,proportion,
E0072,R043,MOY-0166,MIXED_UNSEP,C13,O01,T4,U07,EM_PROPORTION,DESCRIPTIVE_WITH_COMPARATOR,1,canonical,-1,MIXED_UNSEP|C13|O01|T4|U07,MIXED_UNSEP|C13|O01|T4|U07|EM_PROPORTION,Moderate,True,False,review_profile,review_profile,keyword_horizon,mixed_or_unspecified_followup,mixed_or_unclear,proportion,
E0073,R043,MOY-0166,MIXED_UNSEP,C13,O04,T4,U07,EM_PROPORTION,DESCRIPTIVE_WITH_COMPARATOR,1,canonical,-1,MIXED_UNSEP|C13|O04|T4|U07,MIXED_UNSEP|C13|O04|T4|U07|EM_PROPORTION,Moderate,True,False,review_profile,review_profile,keyword_horizon,mixed_or_unspecified_followup,mixed_or_unclear,proportion,
E0074,R043,MOY-0166,MIXED_UNSEP,C13,O08,T4,U07,EM_PROPORTION,DESCRIPTIVE_WITH_COMPARATOR,1,canonical,-1,MIXED_UNSEP|C13|O08|T4|U07,MIXED_UNSEP|C13|O08|T4|U07|EM_PROPORTION,Moderate,True,False,review_profile,review_profile,keyword,mixed_or_unspecified_followup,mixed_or_unclear,proportion,
E0075,R045,MOY-0150,PED_MIX,C00,O01,T1,U07,EM_OR,PROGNOSTIC,0,not_orientable,-1,PED_MIX|C00|O01|T1|U07,PED_MIX|C00|O01|T1|U07|EM_OR,Moderate,True,False,age_subgroup_text,no_authorized_comparison,keyword_horizon,early,mixed_or_unclear,exact,C00 and O99 are operational noninferential codes and do not create new SAP comparisons/outcomes.
E0076,R045,MOY-0150,MIXED_UNSEP,C00,O01,T1,U07,EM_OR,PROGNOSTIC,0,not_orientable,-1,MIXED_UNSEP|C00|O01|T1|U07,MIXED_UNSEP|C00|O01|T1|U07|EM_OR,Moderate,True,False,review_profile,no_authorized_comparison,keyword_horizon,early,mixed_or_unclear,exact,C00 and O99 are operational noninferential codes and do not create new SAP comparisons/outcomes.
E0077,R045,MOY-0150,MIXED_UNSEP,C00,O01,T1,U07,EM_OR,PROGNOSTIC,0,not_orientable,-1,MIXED_UNSEP|C00|O01|T1|U07,MIXED_UNSEP|C00|O01|T1|U07|EM_OR,Moderate,True,False,review_profile,no_authorized_comparison,keyword_horizon,early,mixed_or_unclear,exact,C00 and O99 are operational noninferential codes and do not create new SAP comparisons/outcomes.
E0078,R045,MOY-0150,MIXED_UNSEP,C00,O01,T1,U07,EM_OR,PROGNOSTIC,0,not_orientable,-1,MIXED_UNSEP|C00|O01|T1|U07,MIXED_UNSEP|C00|O01|T1|U07|EM_OR,Moderate,True,False,review_profile,no_authorized_comparison,keyword_horizon,early,mixed_or_unclear,exact,C00 and O99 are operational noninferential codes and do not create new SAP comparisons/outcomes.
E0079,R045,MOY-0150,PED_MIX,C00,O01,T1,U07,EM_OR,PROGNOSTIC,0,not_orientable,-1,PED_MIX|C00|O01|T1|U07,PED_MIX|C00|O01|T1|U07|EM_OR,Moderate,True,False,age_subgroup_text,no_authorized_comparison,keyword_horizon,early,mixed_or_unclear,exact,C00 and O99 are operational noninferential codes and do not create new SAP comparisons/outcomes.
E0080,R045,MOY-0150,MIXED_UNSEP,C00,O01,T1,U07,EM_OR,PROGNOSTIC,0,not_orientable,-1,MIXED_UNSEP|C00|O01|T1|U07,MIXED_UNSEP|C00|O01|T1|U07|EM_OR,Moderate,True,False,review_profile,no_authorized_comparison,keyword_horizon,early,mixed_or_unclear,exact,C00 and O99 are operational noninferential codes and do not create new SAP comparisons/outcomes.
E0081,R046,MOY-0177,MIXED_UNSEP,C01,O05,T4,U01,EM_MIXED_RATIO,DESCRIPTIVE_WITH_COMPARATOR,1,canonical,-1,MIXED_UNSEP|C01|O05|T4|U01,MIXED_UNSEP|C01|O05|T4|U01|EM_MIXED_RATIO,Moderate,True,False,review_profile,text_rule,keyword,mixed_or_unspecified_followup,exact,mixed,
E0082,R047,MOY-0169,PED_MIX,C05,O02,T3,U05,EM_RATE,DESCRIPTIVE_WITH_COMPARATOR,0,not_orientable,-1,PED_MIX|C05|O02|T3|U05,PED_MIX|C05|O02|T3|U05|EM_RATE,High,False,False,review_profile,review_profile,keyword,long_term,exact,rate,
E0083,R047,MOY-0169,PED_MIX,C05,O02,T3,U05,EM_RATE,DESCRIPTIVE_WITH_COMPARATOR,0,not_orientable,-1,PED_MIX|C05|O02|T3|U05,PED_MIX|C05|O02|T3|U05|EM_RATE,High,False,False,review_profile,review_profile,keyword,long_term,exact,rate,
E0084,R047,MOY-0169,PED_MIX,C05,O02,T3,U05,EM_RATE,DESCRIPTIVE_WITH_COMPARATOR,0,not_orientable,-1,PED_MIX|C05|O02|T3|U05,PED_MIX|C05|O02|T3|U05|EM_RATE,High,False,False,review_profile,review_profile,keyword,long_term,exact,rate,
E0085,R047,MOY-0169,PED_MIX,C05,O02,T4,U01,EM_PROPORTION,DESCRIPTIVE_WITH_COMPARATOR,0,not_orientable,-1,PED_MIX|C05|O02|T4|U01,PED_MIX|C05|O02|T4|U01|EM_PROPORTION,High,False,False,review_profile,review_profile,keyword,mixed_or_unspecified_followup,exact,proportion,
E0086,R047,MOY-0169,PED_MIX,C05,O02,T4,U01,EM_PROPORTION,DESCRIPTIVE_WITH_COMPARATOR,0,not_orientable,-1,PED_MIX|C05|O02|T4|U01,PED_MIX|C05|O02|T4|U01|EM_PROPORTION,High,False,False,review_profile,review_profile,keyword,mixed_or_unspecified_followup,exact,proportion,
E0087,R047,MOY-0169,PED_MIX,C05,O02,T4,U01,EM_PROPORTION,DESCRIPTIVE_WITH_COMPARATOR,0,not_orientable,-1,PED_MIX|C05|O02|T4|U01,PED_MIX|C05|O02|T4|U01|EM_PROPORTION,High,False,False,review_profile,review_profile,keyword,mixed_or_unspecified_followup,exact,proportion,
E0088,R052,MOY-0086,PED_MIX,C00,O10,T4,U02,EM_PROPORTION,SURROGATE_DESCRIPTIVE,0,not_orientable,1,PED_MIX|C00|O10|T4|U02,PED_MIX|C00|O10|T4|U02|EM_PROPORTION,High,False,False,review_profile,review_profile,keyword,mixed_or_unspecified_followup,exact,proportion,C00 and O99 are operational noninferential codes and do not create new SAP comparisons/outcomes.
E0089,R052,MOY-0086,PED_MIX,C00,O10,T4,U02,EM_PROPORTION,SURROGATE_DESCRIPTIVE,0,not_orientable,1,PED_MIX|C00|O10|T4|U02,PED_MIX|C00|O10|T4|U02|EM_PROPORTION,High,False,False,review_profile,review_profile,keyword,mixed_or_unspecified_followup,exact,proportion,C00 and O99 are operational noninferential codes and do not create new SAP comparisons/outcomes.
E0090,R052,MOY-0086,PED_MIX,C00,O10,T4,U02,EM_PROPORTION,SURROGATE_DESCRIPTIVE,0,not_orientable,1,PED_MIX|C00|O10|T4|U02,PED_MIX|C00|O10|T4|U02|EM_PROPORTION,High,False,False,review_profile,review_profile,keyword,mixed_or_unspecified_followup,exact,proportion,C00 and O99 are operational noninferential codes and do not create new SAP comparisons/outcomes.
E0091,R052,MOY-0086,PED_MIX,C00,O99,T4,U07,EM_DESCRIPTIVE,DESCRIPTIVE,0,not_orientable,0,PED_MIX|C00|O99|T4|U07,PED_MIX|C00|O99|T4|U07|EM_DESCRIPTIVE,Low,True,False,review_profile,review_profile,other_or_composite,mixed_or_unspecified_followup,mixed_or_unclear,descriptive,C00 and O99 are operational noninferential codes and do not create new SAP comparisons/outcomes.
E0092,R054,MOY-0034,MIXED_UNSEP,C09,O11,T4,U07,EM_OR,COMPARATIVE,1,canonical,1,MIXED_UNSEP|C09|O11|T4|U07,MIXED_UNSEP|C09|O11|T4|U07|EM_OR,Moderate,True,False,review_profile,review_profile,keyword,mixed_or_unspecified_followup,mixed_or_unclear,exact,
E0093,R054,MOY-0034,MIXED_UNSEP,C09,O03,T4,U07,EM_OR,COMPARATIVE,1,canonical,-1,MIXED_UNSEP|C09|O03|T4|U07,MIXED_UNSEP|C09|O03|T4|U07|EM_OR,Moderate,True,False,review_profile,review_profile,keyword,mixed_or_unspecified_followup,mixed_or_unclear,exact,
E0094,R054,MOY-0034,MIXED_UNSEP,C09,O06,T4,U07,EM_OR,COMPARATIVE,1,canonical,1,MIXED_UNSEP|C09|O06|T4|U07,MIXED_UNSEP|C09|O06|T4|U07|EM_OR,Moderate,True,False,review_profile,review_profile,keyword,mixed_or_unspecified_followup,mixed_or_unclear,exact,
E0095,R054,MOY-0034,MIXED_UNSEP,C09,O01,T4,U07,EM_OR,COMPARATIVE,1,canonical,-1,MIXED_UNSEP|C09|O01|T4|U07,MIXED_UNSEP|C09|O01|T4|U07|EM_OR,Moderate,True,False,review_profile,review_profile,keyword_horizon,mixed_or_unspecified_followup,mixed_or_unclear,exact,
E0096,R054,MOY-0034,MIXED_UNSEP,C09,O09,T4,U07,EM_OR,COMPARATIVE,1,canonical,-1,MIXED_UNSEP|C09|O09|T4|U07,MIXED_UNSEP|C09|O09|T4|U07|EM_OR,Moderate,True,False,review_profile,review_profile,keyword,mixed_or_unspecified_followup,mixed_or_unclear,exact,
E0097,R054,MOY-0034,MIXED_UNSEP,C09,O05,T4,U07,EM_OR,COMPARATIVE,1,canonical,-1,MIXED_UNSEP|C09|O05|T4|U07,MIXED_UNSEP|C09|O05|T4|U07|EM_OR,Moderate,True,False,review_profile,review_profile,keyword,mixed_or_unspecified_followup,mixed_or_unclear,exact,
E0098,R055,MOY-0032,MMS_OTHER,C00,O06,T4,U01,EM_PROPORTION,DESCRIPTIVE,0,not_orientable,1,MMS_OTHER|C00|O06|T4|U01,MMS_OTHER|C00|O06|T4|U01|EM_PROPORTION,High,False,False,review_profile,review_profile,keyword,mixed_or_unspecified_followup,exact,proportion,C00 and O99 are operational noninferential codes and do not create new SAP comparisons/outcomes.
E0099,R055,MOY-0032,MMS_OTHER,C00,O06,T4,U01,EM_PROPORTION,DESCRIPTIVE,0,not_orientable,1,MMS_OTHER|C00|O06|T4|U01,MMS_OTHER|C00|O06|T4|U01|EM_PROPORTION,High,False,False,review_profile,review_profile,keyword,mixed_or_unspecified_followup,exact,proportion,C00 and O99 are operational noninferential codes and do not create new SAP comparisons/outcomes.
E0100,R055,MOY-0032,MMS_OTHER,C00,O06,T4,U01,EM_PROPORTION,DESCRIPTIVE,0,not_orientable,1,MMS_OTHER|C00|O06|T4|U01,MMS_OTHER|C00|O06|T4|U01|EM_PROPORTION,High,False,False,review_profile,review_profile,keyword,mixed_or_unspecified_followup,exact,proportion,C00 and O99 are operational noninferential codes and do not create new SAP comparisons/outcomes.
E0101,R056,MOY-1414,MIXED_UNSEP,C00,O08,T1,U01,EM_PROPORTION,DESCRIPTIVE,0,not_orientable,-1,MIXED_UNSEP|C00|O08|T1|U01,MIXED_UNSEP|C00|O08|T1|U01|EM_PROPORTION,Moderate,True,False,review_profile,review_profile,keyword,early,exact,proportion,C00 and O99 are operational noninferential codes and do not create new SAP comparisons/outcomes.
E0102,R056,MOY-1414,MIXED_UNSEP,C00,O08,T1,U01,EM_PROPORTION,DESCRIPTIVE,0,not_orientable,-1,MIXED_UNSEP|C00|O08|T1|U01,MIXED_UNSEP|C00|O08|T1|U01|EM_PROPORTION,Moderate,True,False,review_profile,review_profile,keyword,early,exact,proportion,C00 and O99 are operational noninferential codes and do not create new SAP comparisons/outcomes.
E0103,R056,MOY-1414,MIXED_UNSEP,C00,O08,T1,U01,EM_PROPORTION,DESCRIPTIVE,0,not_orientable,-1,MIXED_UNSEP|C00|O08|T1|U01,MIXED_UNSEP|C00|O08|T1|U01|EM_PROPORTION,Moderate,True,False,review_profile,review_profile,keyword,early,exact,proportion,C00 and O99 are operational noninferential codes and do not create new SAP comparisons/outcomes.
E0104,R056,MOY-1414,MIXED_UNSEP,C00,O08,T1,U01,EM_PROPORTION,DESCRIPTIVE,0,not_orientable,-1,MIXED_UNSEP|C00|O08|T1|U01,MIXED_UNSEP|C00|O08|T1|U01|EM_PROPORTION,Moderate,True,False,review_profile,review_profile,keyword,early,exact,proportion,C00 and O99 are operational noninferential codes and do not create new SAP comparisons/outcomes.
E0105,R058,MOY-0134,ADULT_MIX,C02,O04,T1,U07,EM_OR,COMPARATIVE,-1,reversed,-1,ADULT_MIX|C02|O04|T1|U07,ADULT_MIX|C02|O04|T1|U07|EM_OR,High,False,False,review_profile,reversed_text_rule,keyword_horizon,early,mixed_or_unclear,exact,
E0106,R058,MOY-0134,ADULT_MIX,C04,O04,T1,U07,EM_OR,COMPARATIVE,1,canonical,-1,ADULT_MIX|C04|O04|T1|U07,ADULT_MIX|C04|O04|T1|U07|EM_OR,High,False,False,review_profile,text_rule,keyword_horizon,early,mixed_or_unclear,exact,
E0107,R058,MOY-0134,ADULT_MIX,C02,O05,T3,U07,EM_OR,COMPARATIVE,1,canonical,-1,ADULT_MIX|C02|O05|T3|U07,ADULT_MIX|C02|O05|T3|U07|EM_OR,High,False,False,review_profile,text_rule,keyword,long_term,mixed_or_unclear,exact,
E0108,R058,MOY-0134,ADULT_MIX,C02,O02,T3,U07,EM_OR,COMPARATIVE,1,canonical,-1,ADULT_MIX|C02|O02|T3|U07,ADULT_MIX|C02|O02|T3|U07|EM_OR,High,False,False,review_profile,text_rule,keyword,long_term,mixed_or_unclear,exact,
E0109,R058,MOY-0134,ADULT_MIX,C04,O02,T3,U07,EM_OR,COMPARATIVE,1,canonical,-1,ADULT_MIX|C04|O02|T3|U07,ADULT_MIX|C04|O02|T3|U07|EM_OR,High,False,False,review_profile,text_rule,keyword,long_term,mixed_or_unclear,exact,
E0110,R058,MOY-0134,ADULT_MIX,C02,O06,T3,U07,EM_OR,COMPARATIVE,1,canonical,1,ADULT_MIX|C02|O06|T3|U07,ADULT_MIX|C02|O06|T3|U07|EM_OR,High,False,False,review_profile,text_rule,keyword,long_term,mixed_or_unclear,exact,
E0111,R058,MOY-0134,ADULT_MIX,C03,O06,T3,U07,EM_OR,COMPARATIVE,1,canonical,1,ADULT_MIX|C03|O06|T3|U07,ADULT_MIX|C03|O06|T3|U07|EM_OR,High,False,False,review_profile,text_rule,keyword,long_term,mixed_or_unclear,exact,
E0112,R060,MOY-0020,PED_MIX,C12,O10,T4,U02,EM_PROPORTION,DESCRIPTIVE_WITH_COMPARATOR,0,not_orientable,1,PED_MIX|C12|O10|T4|U02,PED_MIX|C12|O10|T4|U02|EM_PROPORTION,High,False,False,review_profile,review_profile,keyword,mixed_or_unspecified_followup,exact,proportion,
E0113,R060,MOY-0020,PED_MIX,C12,O10,T4,U02,EM_PROPORTION,DESCRIPTIVE_WITH_COMPARATOR,0,not_orientable,1,PED_MIX|C12|O10|T4|U02,PED_MIX|C12|O10|T4|U02|EM_PROPORTION,High,False,False,review_profile,review_profile,keyword,mixed_or_unspecified_followup,exact,proportion,
E0114,R060,MOY-0020,PED_MIX,C12,O10,T4,U02,EM_PROPORTION,DESCRIPTIVE_WITH_COMPARATOR,0,not_orientable,1,PED_MIX|C12|O10|T4|U02,PED_MIX|C12|O10|T4|U02|EM_PROPORTION,High,False,False,review_profile,review_profile,keyword,mixed_or_unspecified_followup,exact,proportion,
E0115,R061,MOY-0120,MIXED_UNSEP,C00,O99,T4,U01,EM_COUNT,DESCRIPTIVE,0,not_orientable,0,MIXED_UNSEP|C00|O99|T4|U01,MIXED_UNSEP|C00|O99|T4|U01|EM_COUNT,Moderate,True,False,review_profile,review_profile,other_or_composite,mixed_or_unspecified_followup,exact,exact,C00 and O99 are operational noninferential codes and do not create new SAP comparisons/outcomes.
E0116,R061,MOY-0120,MIXED_UNSEP,C00,O02,T9,U01,EM_PROPORTION,DESCRIPTIVE,0,not_orientable,-1,MIXED_UNSEP|C00|O02|T9|U01,MIXED_UNSEP|C00|O02|T9|U01|EM_PROPORTION,Moderate,True,False,review_profile,review_profile,keyword,not_analytic,exact,proportion,C00 and O99 are operational noninferential codes and do not create new SAP comparisons/outcomes.
E0117,R061,MOY-0120,MIXED_UNSEP,C00,O05,T9,U01,EM_PROPORTION,DESCRIPTIVE,0,not_orientable,-1,MIXED_UNSEP|C00|O05|T9|U01,MIXED_UNSEP|C00|O05|T9|U01|EM_PROPORTION,Moderate,True,False,review_profile,review_profile,keyword,not_analytic,exact,proportion,C00 and O99 are operational noninferential codes and do not create new SAP comparisons/outcomes.
E0118,R063,MOY-0075,ADULT_HEM,C06,O02,T4,U01,EM_RR,COMPARATIVE,1,canonical,-1,ADULT_HEM|C06|O02|T4|U01,ADULT_HEM|C06|O02|T4|U01|EM_RR,High,False,False,review_profile,review_profile,keyword,mixed_or_unspecified_followup,exact,exact,
E0119,R064,MOY-0152,ADULT_ISCH,C00,O01,T4,U01,EM_OR,PROGNOSTIC,0,not_orientable,-1,ADULT_ISCH|C00|O01|T4|U01,ADULT_ISCH|C00|O01|T4|U01|EM_OR,High,False,False,subgroup_text,no_authorized_comparison,risk_review_target,mixed_or_unspecified_followup,exact,exact,C00 and O99 are operational noninferential codes and do not create new SAP comparisons/outcomes.
E0120,R064,MOY-0152,ADULT_MIX,C00,O01,T4,U01,EM_OR,PROGNOSTIC,0,not_orientable,-1,ADULT_MIX|C00|O01|T4|U01,ADULT_MIX|C00|O01|T4|U01|EM_OR,High,False,False,review_profile,no_authorized_comparison,risk_review_target,mixed_or_unspecified_followup,exact,exact,C00 and O99 are operational noninferential codes and do not create new SAP comparisons/outcomes.
E0121,R064,MOY-0152,ADULT_MIX,C00,O01,T4,U01,EM_OR,PROGNOSTIC,0,not_orientable,-1,ADULT_MIX|C00|O01|T4|U01,ADULT_MIX|C00|O01|T4|U01|EM_OR,High,False,False,review_profile,no_authorized_comparison,risk_review_target,mixed_or_unspecified_followup,exact,exact,C00 and O99 are operational noninferential codes and do not create new SAP comparisons/outcomes.
E0122,R064,MOY-0152,ADULT_MIX,C00,O01,T4,U01,EM_OR,PROGNOSTIC,0,not_orientable,-1,ADULT_MIX|C00|O01|T4|U01,ADULT_MIX|C00|O01|T4|U01|EM_OR,High,False,False,review_profile,no_authorized_comparison,risk_review_target,mixed_or_unspecified_followup,exact,exact,C00 and O99 are operational noninferential codes and do not create new SAP comparisons/outcomes.
E0123,R066,MOY-0040,MIXED_UNSEP,C01,O02,T4,U01,EM_OR,COMPARATIVE,1,canonical,-1,MIXED_UNSEP|C01|O02|T4|U01,MIXED_UNSEP|C01|O02|T4|U01|EM_OR,High,False,False,review_profile,text_rule,keyword,mixed_or_unspecified_followup,exact,exact,
E0124,R066,MOY-0040,MIXED_UNSEP,C01,O05,T4,U01,EM_OR,COMPARATIVE,1,canonical,-1,MIXED_UNSEP|C01|O05|T4|U01,MIXED_UNSEP|C01|O05|T4|U01|EM_OR,High,False,False,review_profile,text_rule,keyword,mixed_or_unspecified_followup,exact,exact,
E0125,R066,MOY-0040,MIXED_UNSEP,C01,O07,T4,U01,EM_OR,COMPARATIVE,1,canonical,-1,MIXED_UNSEP|C01|O07|T4|U01,MIXED_UNSEP|C01|O07|T4|U01|EM_OR,High,False,False,review_profile,text_rule,keyword,mixed_or_unspecified_followup,exact,exact,
E0126,R067,MOY-0151,MIXED_UNSEP,C00,O01,T1,U01,EM_OR,PROGNOSTIC,0,not_orientable,-1,MIXED_UNSEP|C00|O01|T1|U01,MIXED_UNSEP|C00|O01|T1|U01|EM_OR,Moderate,True,False,review_profile,no_authorized_comparison,risk_review_target,early,exact,exact,C00 and O99 are operational noninferential codes and do not create new SAP comparisons/outcomes.
E0127,R067,MOY-0151,MIXED_UNSEP,C00,O01,T1,U01,EM_OR,PROGNOSTIC,0,not_orientable,-1,MIXED_UNSEP|C00|O01|T1|U01,MIXED_UNSEP|C00|O01|T1|U01|EM_OR,Moderate,True,False,review_profile,no_authorized_comparison,risk_review_target,early,exact,exact,C00 and O99 are operational noninferential codes and do not create new SAP comparisons/outcomes.
E0128,R067,MOY-0151,MIXED_UNSEP,C00,O01,T1,U01,EM_OR,PROGNOSTIC,0,not_orientable,-1,MIXED_UNSEP|C00|O01|T1|U01,MIXED_UNSEP|C00|O01|T1|U01|EM_OR,Moderate,True,False,review_profile,no_authorized_comparison,risk_review_target,early,exact,exact,C00 and O99 are operational noninferential codes and do not create new SAP comparisons/outcomes.
E0129,R068,MOY-0009,ADULT_MIX,C01,O02,T4,U07,EM_OR,COMPARATIVE,1,canonical,-1,ADULT_MIX|C01|O02|T4|U07,ADULT_MIX|C01|O02|T4|U07|EM_OR,High,False,False,review_profile,text_rule,keyword,mixed_or_unspecified_followup,mixed_or_unclear,exact,
E0130,R068,MOY-0009,ADULT_HEM,C02,O05,T4,U07,EM_OR,COMPARATIVE,1,canonical,-1,ADULT_HEM|C02|O05|T4|U07,ADULT_HEM|C02|O05|T4|U07|EM_OR,High,False,False,subgroup_text,text_rule,keyword,mixed_or_unspecified_followup,mixed_or_unclear,exact,
E0131,R068,MOY-0009,ADULT_ISCH,C02,O02,T4,U07,EM_OR,COMPARATIVE,1,canonical,-1,ADULT_ISCH|C02|O02|T4|U07,ADULT_ISCH|C02|O02|T4|U07|EM_OR,High,False,False,subgroup_text,text_rule,keyword,mixed_or_unspecified_followup,mixed_or_unclear,exact,
E0132,R068,MOY-0009,ADULT_MIX,C01,O07,T4,U07,EM_OR,COMPARATIVE,1,canonical,-1,ADULT_MIX|C01|O07|T4|U07,ADULT_MIX|C01|O07|T4|U07|EM_OR,High,False,False,review_profile,text_rule,keyword,mixed_or_unspecified_followup,mixed_or_unclear,exact,
E0133,R068,MOY-0009,ADULT_MIX,C02,O10,T4,U07,EM_OR,COMPARATIVE,1,canonical,1,ADULT_MIX|C02|O10|T4|U07,ADULT_MIX|C02|O10|T4|U07|EM_OR,High,False,False,review_profile,text_rule,keyword,mixed_or_unspecified_followup,mixed_or_unclear,exact,
E0134,R071,MOY-0071,MIXED_UNSEP,C01,O06,T3,U01,EM_PROPORTION,DESCRIPTIVE_WITH_COMPARATOR,0,not_orientable,1,MIXED_UNSEP|C01|O06|T3|U01,MIXED_UNSEP|C01|O06|T3|U01|EM_PROPORTION,High,False,False,review_profile,review_text_rule,keyword,long_term,exact,proportion,
E0135,R071,MOY-0071,MIXED_UNSEP,C03,O06,T3,U01,EM_PROPORTION,DESCRIPTIVE_WITH_COMPARATOR,1,canonical,1,MIXED_UNSEP|C03|O06|T3|U01,MIXED_UNSEP|C03|O06|T3|U01|EM_PROPORTION,High,False,False,review_profile,text_rule,keyword,long_term,exact,proportion,
E0136,R071,MOY-0071,MIXED_UNSEP,C04,O06,T3,U01,EM_PROPORTION,DESCRIPTIVE_WITH_COMPARATOR,1,canonical,1,MIXED_UNSEP|C04|O06|T3|U01,MIXED_UNSEP|C04|O06|T3|U01|EM_PROPORTION,High,False,False,review_profile,text_rule,keyword,long_term,exact,proportion,
E0137,R072,MOY-0038,MIXED_UNSEP,C00,O08,T1,U07,EM_PROPORTION,DESCRIPTIVE,0,not_orientable,-1,MIXED_UNSEP|C00|O08|T1|U07,MIXED_UNSEP|C00|O08|T1|U07|EM_PROPORTION,Moderate,True,False,review_profile,review_profile,keyword,early,mixed_or_unclear,proportion,C00 and O99 are operational noninferential codes and do not create new SAP comparisons/outcomes.
E0138,R072,MOY-0038,MIXED_UNSEP,C00,O08,T1,U07,EM_PROPORTION,DESCRIPTIVE,0,not_orientable,-1,MIXED_UNSEP|C00|O08|T1|U07,MIXED_UNSEP|C00|O08|T1|U07|EM_PROPORTION,Moderate,True,False,review_profile,review_profile,keyword,early,mixed_or_unclear,proportion,C00 and O99 are operational noninferential codes and do not create new SAP comparisons/outcomes.
E0139,R072,MOY-0038,MIXED_UNSEP,C00,O08,T1,U07,EM_PROPORTION,DESCRIPTIVE,0,not_orientable,-1,MIXED_UNSEP|C00|O08|T1|U07,MIXED_UNSEP|C00|O08|T1|U07|EM_PROPORTION,Moderate,True,False,review_profile,review_profile,keyword,early,mixed_or_unclear,proportion,C00 and O99 are operational noninferential codes and do not create new SAP comparisons/outcomes.
E0140,R072,MOY-0038,MIXED_UNSEP,C00,O08,T1,U07,EM_PROPORTION,DESCRIPTIVE,0,not_orientable,-1,MIXED_UNSEP|C00|O08|T1|U07,MIXED_UNSEP|C00|O08|T1|U07|EM_PROPORTION,Moderate,True,False,review_profile,review_profile,keyword,early,mixed_or_unclear,proportion,C00 and O99 are operational noninferential codes and do not create new SAP comparisons/outcomes.
E0141,R072,MOY-0038,MIXED_UNSEP,C00,O08,T1,U07,EM_PROPORTION,DESCRIPTIVE,0,not_orientable,-1,MIXED_UNSEP|C00|O08|T1|U07,MIXED_UNSEP|C00|O08|T1|U07|EM_PROPORTION,Moderate,True,False,review_profile,review_profile,keyword,early,mixed_or_unclear,proportion,C00 and O99 are operational noninferential codes and do not create new SAP comparisons/outcomes.
E0142,R072,MOY-0038,MIXED_UNSEP,C00,O08,T1,U07,EM_PROPORTION,DESCRIPTIVE,0,not_orientable,-1,MIXED_UNSEP|C00|O08|T1|U07,MIXED_UNSEP|C00|O08|T1|U07|EM_PROPORTION,Moderate,True,False,review_profile,review_profile,keyword,early,mixed_or_unclear,proportion,C00 and O99 are operational noninferential codes and do not create new SAP comparisons/outcomes.
E0143,R072,MOY-0038,MIXED_UNSEP,C00,O08,T1,U07,EM_PROPORTION,DESCRIPTIVE,0,not_orientable,-1,MIXED_UNSEP|C00|O08|T1|U07,MIXED_UNSEP|C00|O08|T1|U07|EM_PROPORTION,Moderate,True,False,review_profile,review_profile,keyword,early,mixed_or_unclear,proportion,C00 and O99 are operational noninferential codes and do not create new SAP comparisons/outcomes.
E0144,R072,MOY-0038,MIXED_UNSEP,C00,O08,T1,U07,EM_PROPORTION,DESCRIPTIVE,0,not_orientable,-1,MIXED_UNSEP|C00|O08|T1|U07,MIXED_UNSEP|C00|O08|T1|U07|EM_PROPORTION,Moderate,True,False,review_profile,review_profile,keyword,early,mixed_or_unclear,proportion,C00 and O99 are operational noninferential codes and do not create new SAP comparisons/outcomes.
E0145,R073,MOY-0056,ADULT_HEM,C06,O05,T4,U01,EM_PROPORTION,DESCRIPTIVE_WITH_COMPARATOR,1,canonical,-1,ADULT_HEM|C06|O05|T4|U01,ADULT_HEM|C06|O05|T4|U01|EM_PROPORTION,High,False,False,review_profile,review_profile,keyword,mixed_or_unspecified_followup,exact,proportion,
E0146,R073,MOY-0056,ADULT_HEM,C06,O02,T4,U01,EM_PROPORTION,DESCRIPTIVE_WITH_COMPARATOR,1,canonical,-1,ADULT_HEM|C06|O02|T4|U01,ADULT_HEM|C06|O02|T4|U01|EM_PROPORTION,High,False,False,review_profile,review_profile,keyword,mixed_or_unspecified_followup,exact,proportion,
E0147,R073,MOY-0056,ADULT_HEM,C06,O07,T4,U01,EM_PROPORTION,DESCRIPTIVE_WITH_COMPARATOR,1,canonical,-1,ADULT_HEM|C06|O07|T4|U01,ADULT_HEM|C06|O07|T4|U01|EM_PROPORTION,High,False,False,review_profile,review_profile,keyword,mixed_or_unspecified_followup,exact,proportion,
E0148,R074,MOY-0074,MIXED_UNSEP,C11,O01,T4,U01,EM_OR,COMPARATIVE,1,canonical,-1,MIXED_UNSEP|C11|O01|T4|U01,MIXED_UNSEP|C11|O01|T4|U01|EM_OR,High,False,False,review_profile,review_profile,keyword_horizon,mixed_or_unspecified_followup,exact,exact,
E0149,R074,MOY-0074,MIXED_UNSEP,C11,O03,T4,U01,EM_OR,COMPARATIVE,1,canonical,-1,MIXED_UNSEP|C11|O03|T4|U01,MIXED_UNSEP|C11|O03|T4|U01|EM_OR,High,False,False,review_profile,review_profile,keyword,mixed_or_unspecified_followup,exact,exact,
E0150,R074,MOY-0074,MIXED_UNSEP,C11,O08,T4,U01,EM_OR,COMPARATIVE,1,canonical,-1,MIXED_UNSEP|C11|O08|T4|U01,MIXED_UNSEP|C11|O08|T4|U01|EM_OR,High,False,False,review_profile,review_profile,keyword,mixed_or_unspecified_followup,exact,exact,
E0151,R074,MOY-0074,MIXED_UNSEP,C11,O09,T4,U01,EM_OR,COMPARATIVE,1,canonical,-1,MIXED_UNSEP|C11|O09|T4|U01,MIXED_UNSEP|C11|O09|T4|U01|EM_OR,High,False,False,review_profile,review_profile,keyword,mixed_or_unspecified_followup,exact,exact,
E0152,R002,MOY-0170,MMS_SCD,C14,O02,T3,U01,EM_PROPORTION,DESCRIPTIVE_WITH_COMPARATOR,1,canonical,-1,MMS_SCD|C14|O02|T3|U01,MMS_SCD|C14|O02|T3|U01|EM_PROPORTION,High,False,False,review_profile,review_profile,keyword,long_term,exact,proportion,
E0153,R002,MOY-0170,MMS_SCD,C14,O03,T9,U01,EM_PROPORTION,DESCRIPTIVE_WITH_COMPARATOR,1,canonical,-1,MMS_SCD|C14|O03|T9|U01,MMS_SCD|C14|O03|T9|U01|EM_PROPORTION,High,False,False,review_profile,review_profile,keyword,not_analytic,exact,proportion,
E0156,R005,MOY-0041,MMS_NF1,C01,O03,T9,U01,EM_PROPORTION,DESCRIPTIVE_WITH_COMPARATOR,0,not_orientable,-1,MMS_NF1|C01|O03|T9|U01,MMS_NF1|C01|O03|T9|U01|EM_PROPORTION,High,False,False,review_profile,text_rule,keyword,not_analytic,exact,proportion,
E0157,R005,MOY-0041,MMS_NF1,C01,O05,T9,U01,EM_PROPORTION,DESCRIPTIVE_WITH_COMPARATOR,0,not_orientable,-1,MMS_NF1|C01|O05|T9|U01,MMS_NF1|C01|O05|T9|U01|EM_PROPORTION,High,False,False,review_profile,text_rule,keyword,not_analytic,exact,proportion,
E0158,R005,MOY-0041,MMS_NF1,C01,O03,T9,U01,EM_PROPORTION,DESCRIPTIVE_WITH_COMPARATOR,0,not_orientable,-1,MMS_NF1|C01|O03|T9|U01,MMS_NF1|C01|O03|T9|U01|EM_PROPORTION,High,False,False,review_profile,text_rule,keyword,not_analytic,exact,proportion,
E0162,R007,MOY-0045,ASYM_STABLE,C08,O03,T9,U07,EM_OR,COMPARATIVE,0,not_orientable,-1,ASYM_STABLE|C08|O03|T9|U07,ASYM_STABLE|C08|O03|T9|U07|EM_OR,Moderate,True,False,review_profile,review_profile,keyword,not_analytic,mixed_or_unclear,exact,
E0163,R007,MOY-0045,ASYM_STABLE,C08,O05,T4,U01,EM_PROPORTION,DESCRIPTIVE_WITH_COMPARATOR,0,not_orientable,-1,ASYM_STABLE|C08|O05|T4|U01,ASYM_STABLE|C08|O05|T4|U01|EM_PROPORTION,High,False,False,review_profile,review_profile,keyword,mixed_or_unspecified_followup,exact,proportion,
E0164,R007,MOY-0045,ASYM_STABLE,C08,O02,T4,U07,EM_PROPORTION,DESCRIPTIVE_WITH_COMPARATOR,0,not_orientable,-1,ASYM_STABLE|C08|O02|T4|U07,ASYM_STABLE|C08|O02|T4|U07|EM_PROPORTION,High,False,False,review_profile,review_profile,keyword,mixed_or_unspecified_followup,mixed_or_unclear,proportion,
E0165,R009,MOY-0180,ADULT_HEM,C06,O02,T3,U07,EM_OR,COMPARATIVE,1,canonical,-1,ADULT_HEM|C06|O02|T3|U07,ADULT_HEM|C06|O02|T3|U07|EM_OR,High,False,False,subgroup_text,text_rule,keyword,long_term,mixed_or_unclear,exact,
E0166,R010,MOY-0073,ADULT_MIX,C13,O12,T9,U07,EM_MD,COMPARATIVE,1,canonical,0,ADULT_MIX|C13|O12|T9|U07,ADULT_MIX|C13|O12|T9|U07|EM_MD,Moderate,True,False,review_profile,review_profile,keyword,not_analytic,mixed_or_unclear,exact,
E0167,R010,MOY-0073,ADULT_MIX,C13,O02,T3,U07,EM_PROPORTION,DESCRIPTIVE_WITH_COMPARATOR,1,canonical,-1,ADULT_MIX|C13|O02|T3|U07,ADULT_MIX|C13|O02|T3|U07|EM_PROPORTION,High,False,False,review_profile,review_profile,keyword,long_term,mixed_or_unclear,proportion,
E0168,R011,MOY-0155,MIXED_UNSEP,C00,O02,T9,U07,EM_OR,PROGNOSTIC,0,not_orientable,-1,MIXED_UNSEP|C00|O02|T9|U07,MIXED_UNSEP|C00|O02|T9|U07|EM_OR,Low,True,False,review_profile,no_authorized_comparison,keyword,not_analytic,mixed_or_unclear,exact,C00 and O99 are operational noninferential codes and do not create new SAP comparisons/outcomes.
E0169,R012,MOY-0094,ADULT_HEM,C06,O02,T9,U07,EM_OR,COMPARATIVE,0,not_orientable,-1,ADULT_HEM|C06|O02|T9|U07,ADULT_HEM|C06|O02|T9|U07|EM_OR,Moderate,True,False,review_profile,review_profile,keyword,not_analytic,mixed_or_unclear,exact,
E0170,R012,MOY-0094,ADULT_HEM,C06,O05,T9,U07,EM_OR,COMPARATIVE,0,not_orientable,-1,ADULT_HEM|C06|O05|T9|U07,ADULT_HEM|C06|O05|T9|U07|EM_OR,Moderate,True,False,review_profile,review_profile,keyword,not_analytic,mixed_or_unclear,exact,
E0171,R012,MOY-0094,ADULT_HEM,C06,O07,T9,U07,EM_OR,COMPARATIVE,0,not_orientable,-1,ADULT_HEM|C06|O07|T9|U07,ADULT_HEM|C06|O07|T9|U07|EM_OR,Moderate,True,False,review_profile,review_profile,keyword,not_analytic,mixed_or_unclear,exact,
E0175,R015,MOY-1176,PED_MIX,C00,O01,T1,U03,EM_PROPORTION,DESCRIPTIVE,0,not_orientable,-1,PED_MIX|C00|O01|T1|U03,PED_MIX|C00|O01|T1|U03|EM_PROPORTION,High,False,False,review_profile,no_authorized_comparison,keyword_horizon,early,exact,proportion,C00 and O99 are operational noninferential codes and do not create new SAP comparisons/outcomes.
E0176,R015,MOY-1176,PED_MIX,C00,O02,T9,U01,EM_PROPORTION,DESCRIPTIVE,0,not_orientable,-1,PED_MIX|C00|O02|T9|U01,PED_MIX|C00|O02|T9|U01|EM_PROPORTION,Moderate,True,False,review_profile,no_authorized_comparison,keyword,not_analytic,exact,proportion,C00 and O99 are operational noninferential codes and do not create new SAP comparisons/outcomes.
E0177,R015,MOY-1176,PED_MIX,C00,O13,T9,U07,EM_PROPORTION,PATIENT_CENTERED_DESCRIPTIVE,0,not_orientable,0,PED_MIX|C00|O13|T9|U07,PED_MIX|C00|O13|T9|U07|EM_PROPORTION,Moderate,True,False,review_profile,no_authorized_comparison,keyword,not_analytic,mixed_or_unclear,proportion,C00 and O99 are operational noninferential codes and do not create new SAP comparisons/outcomes.
E0178,R017,MOY-0072,MIXED_UNSEP,C10,O03,T1,U07,EM_OR,COMPARATIVE,0,not_orientable,-1,MIXED_UNSEP|C10|O03|T1|U07,MIXED_UNSEP|C10|O03|T1|U07|EM_OR,Low,True,True,review_profile,review_profile,clinical_mapping,early,mixed_or_unclear,exact,
E0181,R018,MOY-0927,PREG,C00,O07,T9,U01,EM_PROPORTION,DESCRIPTIVE,0,not_orientable,-1,PREG|C00|O07|T9|U01,PREG|C00|O07|T9|U01|EM_PROPORTION,Moderate,True,False,review_profile,review_profile,keyword,not_analytic,exact,proportion,C00 and O99 are operational noninferential codes and do not create new SAP comparisons/outcomes.
E0182,R019,MOY-0114,ADULT_MIX,C01,O02,T9,U07,EM_OR,COMPARATIVE,1,canonical,-1,ADULT_MIX|C01|O02|T9|U07,ADULT_MIX|C01|O02|T9|U07|EM_OR,Moderate,True,False,review_profile,text_rule,keyword,not_analytic,mixed_or_unclear,exact,
E0184,R020,MOY-0117,MIXED_UNSEP,C00,O09,T9,U07,EM_PROPORTION,DESCRIPTIVE,0,not_orientable,-1,MIXED_UNSEP|C00|O09|T9|U07,MIXED_UNSEP|C00|O09|T9|U07|EM_PROPORTION,Low,True,False,review_profile,no_authorized_comparison,keyword,not_analytic,mixed_or_unclear,proportion,C00 and O99 are operational noninferential codes and do not create new SAP comparisons/outcomes.
E0185,R020,MOY-0117,MIXED_UNSEP,C00,O06,T9,U07,EM_PROPORTION,DESCRIPTIVE,0,not_orientable,1,MIXED_UNSEP|C00|O06|T9|U07,MIXED_UNSEP|C00|O06|T9|U07|EM_PROPORTION,Low,True,False,review_profile,no_authorized_comparison,keyword,not_analytic,mixed_or_unclear,proportion,C00 and O99 are operational noninferential codes and do not create new SAP comparisons/outcomes.
E0186,R020,MOY-0117,MIXED_UNSEP,C00,O02,T9,U01,EM_PROPORTION,DESCRIPTIVE,0,not_orientable,-1,MIXED_UNSEP|C00|O02|T9|U01,MIXED_UNSEP|C00|O02|T9|U01|EM_PROPORTION,Moderate,True,False,review_profile,no_authorized_comparison,keyword,not_analytic,exact,proportion,C00 and O99 are operational noninferential codes and do not create new SAP comparisons/outcomes.
E0187,R021,MOY-0178,MIXED_UNSEP,C00,O01,T1,U01,EM_OR,DESCRIPTIVE,0,not_orientable,-1,MIXED_UNSEP|C00|O01|T1|U01,MIXED_UNSEP|C00|O01|T1|U01|EM_OR,Moderate,True,False,review_profile,no_authorized_comparison,keyword_horizon,early,exact,exact,C00 and O99 are operational noninferential codes and do not create new SAP comparisons/outcomes.
E0188,R022,MOY-0037,MMS_OTHER,C00,O09,T9,U07,EM_PROPORTION,DESCRIPTIVE,0,not_orientable,-1,MMS_OTHER|C00|O09|T9|U07,MMS_OTHER|C00|O09|T9|U07|EM_PROPORTION,Moderate,True,False,review_profile,no_authorized_comparison,keyword,not_analytic,mixed_or_unclear,proportion,C00 and O99 are operational noninferential codes and do not create new SAP comparisons/outcomes.
E0189,R023,MOY-0023,MIXED_UNSEP,C09,O99,T9,U07,EM_HR,COMPARATIVE,1,canonical,0,MIXED_UNSEP|C09|O99|T9|U07,MIXED_UNSEP|C09|O99|T9|U07|EM_HR,Low,True,False,review_profile,review_profile,other_or_composite,not_analytic,mixed_or_unclear,exact,C00 and O99 are operational noninferential codes and do not create new SAP comparisons/outcomes.
E0190,R023,MOY-0023,MIXED_UNSEP,C09,O06,T3,U07,EM_OR,COMPARATIVE,1,canonical,1,MIXED_UNSEP|C09|O06|T3|U07,MIXED_UNSEP|C09|O06|T3|U07|EM_OR,Moderate,True,False,review_profile,review_profile,keyword,long_term,mixed_or_unclear,exact,
E0191,R023,MOY-0023,MIXED_UNSEP,C09,O02,T3,U01,EM_HR,COMPARATIVE,1,canonical,-1,MIXED_UNSEP|C09|O02|T3|U01,MIXED_UNSEP|C09|O02|T3|U01|EM_HR,High,False,False,review_profile,review_profile,keyword,long_term,exact,exact,
E0192,R023,MOY-0023,MIXED_UNSEP,C09,O01,T1,U07,EM_PROPORTION,DESCRIPTIVE_WITH_COMPARATOR,1,canonical,-1,MIXED_UNSEP|C09|O01|T1|U07,MIXED_UNSEP|C09|O01|T1|U07|EM_PROPORTION,Moderate,True,False,review_profile,review_profile,keyword_horizon,early,mixed_or_unclear,proportion,
E0193,R024,MOY-0066,ADULT_ISCH,C02,O02,T3,U02,EM_RR,COMPARATIVE,0,not_orientable,-1,ADULT_ISCH|C02|O02|T3|U02,ADULT_ISCH|C02|O02|T3|U02|EM_RR,High,False,False,review_profile,review_profile,keyword,long_term,exact,exact,
E0197,R026,MOY-1036,MIXED_UNSEP,C00,O06,T9,U01,EM_PROPORTION,DESCRIPTIVE,0,not_orientable,1,MIXED_UNSEP|C00|O06|T9|U01,MIXED_UNSEP|C00|O06|T9|U01|EM_PROPORTION,Moderate,True,False,review_profile,review_profile,keyword,not_analytic,exact,proportion,C00 and O99 are operational noninferential codes and do not create new SAP comparisons/outcomes.
E0198,R027,MOY-0055,MIXED_UNSEP,C00,O13,T9,U07,EM_OTHER,PATIENT_CENTERED_DESCRIPTIVE,0,not_orientable,0,MIXED_UNSEP|C00|O13|T9|U07,MIXED_UNSEP|C00|O13|T9|U07|EM_OTHER,Low,True,False,review_profile,review_profile,keyword,not_analytic,mixed_or_unclear,other,C00 and O99 are operational noninferential codes and do not create new SAP comparisons/outcomes.
E0200,R028,MOY-0172,PED_MIX,C05,O10,T9,U07,EM_RR,COMPARATIVE,0,not_orientable,1,PED_MIX|C05|O10|T9|U07,PED_MIX|C05|O10|T9|U07|EM_RR,Moderate,True,False,review_profile,review_profile,keyword,not_analytic,mixed_or_unclear,exact,
E0201,R028,MOY-0172,PED_MIX,C05,O09,T1,U07,EM_RR,COMPARATIVE,0,not_orientable,-1,PED_MIX|C05|O09|T1|U07,PED_MIX|C05|O09|T1|U07|EM_RR,High,False,False,review_profile,review_profile,keyword,early,mixed_or_unclear,exact,
E0202,R028,MOY-0172,PED_MIX,C05,O03,T1,U07,EM_RR,COMPARATIVE,0,not_orientable,-1,PED_MIX|C05|O03|T1|U07,PED_MIX|C05|O03|T1|U07|EM_RR,High,False,False,review_profile,review_profile,keyword,early,mixed_or_unclear,exact,
E0203,R028,MOY-0172,PED_MIX,C05,O01,T1,U02,EM_PROPORTION,DESCRIPTIVE_WITH_COMPARATOR,0,not_orientable,-1,PED_MIX|C05|O01|T1|U02,PED_MIX|C05|O01|T1|U02|EM_PROPORTION,High,False,False,review_profile,review_profile,keyword_horizon,early,exact,proportion,
E0204,R029,MOY-0112,MIXED_UNSEP,C00,O12,T9,U07,EM_OR,SURROGATE_DESCRIPTIVE,0,not_orientable,0,MIXED_UNSEP|C00|O12|T9|U07,MIXED_UNSEP|C00|O12|T9|U07|EM_OR,Low,True,False,review_profile,no_authorized_comparison,keyword,not_analytic,mixed_or_unclear,exact,C00 and O99 are operational noninferential codes and do not create new SAP comparisons/outcomes.
E0205,R031,MOY-0161,MIXED_UNSEP,C01,O99,T3,U07,EM_OR,COMPARATIVE,0,not_orientable,0,MIXED_UNSEP|C01|O99|T3|U07,MIXED_UNSEP|C01|O99|T3|U07|EM_OR,Moderate,True,False,review_profile,review_text_rule,other_or_composite,long_term,mixed_or_unclear,exact,C00 and O99 are operational noninferential codes and do not create new SAP comparisons/outcomes.
E0206,R032,MOY-0136,PED_MIX,C00,O09,T9,U01,EM_RATE,DESCRIPTIVE,0,not_orientable,-1,PED_MIX|C00|O09|T9|U01,PED_MIX|C00|O09|T9|U01|EM_RATE,Moderate,True,False,review_profile,review_profile,keyword,not_analytic,exact,rate,C00 and O99 are operational noninferential codes and do not create new SAP comparisons/outcomes.
E0207,R032,MOY-0136,PED_MIX,C00,O01,T9,U01,EM_RATE,DESCRIPTIVE,0,not_orientable,-1,PED_MIX|C00|O01|T9|U01,PED_MIX|C00|O01|T9|U01|EM_RATE,Moderate,True,False,review_profile,review_profile,keyword_horizon,not_analytic,exact,rate,C00 and O99 are operational noninferential codes and do not create new SAP comparisons/outcomes.
E0208,R033,MOY-0035,MIXED_UNSEP,C09,O02,T9,U07,EM_HR,COMPARATIVE,1,canonical,-1,MIXED_UNSEP|C09|O02|T9|U07,MIXED_UNSEP|C09|O02|T9|U07|EM_HR,Moderate,True,False,review_profile,review_profile,keyword,not_analytic,mixed_or_unclear,exact,
E0209,R033,MOY-0035,MIXED_UNSEP,C09,O11,T9,U07,EM_HR,COMPARATIVE,1,canonical,1,MIXED_UNSEP|C09|O11|T9|U07,MIXED_UNSEP|C09|O11|T9|U07|EM_HR,Moderate,True,False,review_profile,review_profile,keyword,not_analytic,mixed_or_unclear,exact,
E0210,R033,MOY-0035,MIXED_UNSEP,C09,O05,T9,U07,EM_HR,COMPARATIVE,1,canonical,-1,MIXED_UNSEP|C09|O05|T9|U07,MIXED_UNSEP|C09|O05|T9|U07|EM_HR,Moderate,True,False,review_profile,review_profile,keyword,not_analytic,mixed_or_unclear,exact,
E0211,R034,MOY-0137,ADULT_MIX,C00,O09,T9,U07,EM_PROPORTION,DESCRIPTIVE,0,not_orientable,-1,ADULT_MIX|C00|O09|T9|U07,ADULT_MIX|C00|O09|T9|U07|EM_PROPORTION,Moderate,True,False,review_profile,no_authorized_comparison,keyword,not_analytic,mixed_or_unclear,proportion,C00 and O99 are operational noninferential codes and do not create new SAP comparisons/outcomes.
E0212,R034,MOY-0137,ADULT_MIX,C00,O01,T1,U07,EM_PROPORTION,DESCRIPTIVE,0,not_orientable,-1,ADULT_MIX|C00|O01|T1|U07,ADULT_MIX|C00|O01|T1|U07|EM_PROPORTION,Moderate,True,False,review_profile,no_authorized_comparison,keyword_horizon,early,mixed_or_unclear,proportion,C00 and O99 are operational noninferential codes and do not create new SAP comparisons/outcomes.
E0213,R034,MOY-0137,ADULT_MIX,C00,O05,T9,U07,EM_PROPORTION,DESCRIPTIVE,0,not_orientable,-1,ADULT_MIX|C00|O05|T9|U07,ADULT_MIX|C00|O05|T9|U07|EM_PROPORTION,Moderate,True,False,review_profile,no_authorized_comparison,keyword,not_analytic,mixed_or_unclear,proportion,C00 and O99 are operational noninferential codes and do not create new SAP comparisons/outcomes.
E0214,R036,MOY-0121,PREG,C00,O05,T9,U01,EM_PROPORTION,DESCRIPTIVE,0,not_orientable,-1,PREG|C00|O05|T9|U01,PREG|C00|O05|T9|U01|EM_PROPORTION,Moderate,True,False,review_profile,review_profile,keyword,not_analytic,exact,proportion,C00 and O99 are operational noninferential codes and do not create new SAP comparisons/outcomes.
E0215,R036,MOY-0121,PREG,C00,O07,T9,U07,EM_PROPORTION,DESCRIPTIVE,0,not_orientable,-1,PREG|C00|O07|T9|U07,PREG|C00|O07|T9|U07|EM_PROPORTION,Moderate,True,False,review_profile,review_profile,keyword,not_analytic,mixed_or_unclear,proportion,C00 and O99 are operational noninferential codes and do not create new SAP comparisons/outcomes.
E0216,R036,MOY-0121,PREG,C00,O02,T9,U06,EM_PROPORTION,DESCRIPTIVE,0,not_orientable,-1,PREG|C00|O02|T9|U06,PREG|C00|O02|T9|U06|EM_PROPORTION,Moderate,True,False,review_profile,review_profile,keyword,not_analytic,exact,proportion,C00 and O99 are operational noninferential codes and do not create new SAP comparisons/outcomes.
E0217,R036,MOY-0121,PREG,C00,O02,T9,U07,EM_PROPORTION,DESCRIPTIVE,0,not_orientable,-1,PREG|C00|O02|T9|U07,PREG|C00|O02|T9|U07|EM_PROPORTION,Moderate,True,False,review_profile,review_profile,keyword,not_analytic,mixed_or_unclear,proportion,C00 and O99 are operational noninferential codes and do not create new SAP comparisons/outcomes.
E0218,R038,MOY-0135,MIXED_UNSEP,C00,O13,T9,U01,EM_PROPORTION,PATIENT_CENTERED_DESCRIPTIVE,0,not_orientable,0,MIXED_UNSEP|C00|O13|T9|U01,MIXED_UNSEP|C00|O13|T9|U01|EM_PROPORTION,Moderate,True,False,review_profile,review_profile,keyword,not_analytic,exact,proportion,C00 and O99 are operational noninferential codes and do not create new SAP comparisons/outcomes.
E0219,R039,MOY-0100,MIXED_UNSEP,C00,O08,T9,U07,EM_PROPORTION,DESCRIPTIVE,0,not_orientable,-1,MIXED_UNSEP|C00|O08|T9|U07,MIXED_UNSEP|C00|O08|T9|U07|EM_PROPORTION,Low,True,False,review_profile,no_authorized_comparison,keyword,not_analytic,mixed_or_unclear,proportion,C00 and O99 are operational noninferential codes and do not create new SAP comparisons/outcomes.
E0220,R039,MOY-0100,MIXED_UNSEP,C00,O09,T9,U07,EM_PROPORTION,DESCRIPTIVE,0,not_orientable,-1,MIXED_UNSEP|C00|O09|T9|U07,MIXED_UNSEP|C00|O09|T9|U07|EM_PROPORTION,Low,True,False,review_profile,no_authorized_comparison,keyword,not_analytic,mixed_or_unclear,proportion,C00 and O99 are operational noninferential codes and do not create new SAP comparisons/outcomes.
E0221,R041,MOY-0131,MMS_SCD,C14,O01,T1,U01,EM_PROPORTION,DESCRIPTIVE_WITH_COMPARATOR,1,canonical,-1,MMS_SCD|C14|O01|T1|U01,MMS_SCD|C14|O01|T1|U01|EM_PROPORTION,High,False,False,review_profile,review_profile,keyword_horizon,early,exact,proportion,
E0223,R043,MOY-0166,MIXED_UNSEP,C13,O11,T3,U07,EM_PROPORTION,DESCRIPTIVE_WITH_COMPARATOR,1,canonical,1,MIXED_UNSEP|C13|O11|T3|U07,MIXED_UNSEP|C13|O11|T3|U07|EM_PROPORTION,Moderate,True,False,review_profile,review_profile,keyword,long_term,mixed_or_unclear,proportion,
E0224,R044,MOY-0162,PED_MIX,C00,O09,T9,U07,EM_DESCRIPTIVE,DESCRIPTIVE,0,not_orientable,-1,PED_MIX|C00|O09|T9|U07,PED_MIX|C00|O09|T9|U07|EM_DESCRIPTIVE,Low,True,False,review_profile,review_profile,keyword,not_analytic,mixed_or_unclear,descriptive,C00 and O99 are operational noninferential codes and do not create new SAP comparisons/outcomes.
E0225,R044,MOY-0162,PED_MIX,C00,O09,T3,U01,EM_DESCRIPTIVE,DESCRIPTIVE,0,not_orientable,-1,PED_MIX|C00|O09|T3|U01,PED_MIX|C00|O09|T3|U01|EM_DESCRIPTIVE,Moderate,True,False,review_profile,review_profile,keyword,long_term,exact,descriptive,C00 and O99 are operational noninferential codes and do not create new SAP comparisons/outcomes.
E0226,R045,MOY-0150,MIXED_UNSEP,C00,O01,T9,U07,EM_OR,PROGNOSTIC,0,not_orientable,-1,MIXED_UNSEP|C00|O01|T9|U07,MIXED_UNSEP|C00|O01|T9|U07|EM_OR,Low,True,False,review_profile,no_authorized_comparison,keyword_horizon,not_analytic,mixed_or_unclear,exact,C00 and O99 are operational noninferential codes and do not create new SAP comparisons/outcomes.
E0227,R046,MOY-0177,MIXED_UNSEP,C01,O01,T1,U07,EM_OR,COMPARATIVE,1,canonical,-1,MIXED_UNSEP|C01|O01|T1|U07,MIXED_UNSEP|C01|O01|T1|U07|EM_OR,Moderate,True,False,review_profile,text_rule,keyword_horizon,early,mixed_or_unclear,exact,
E0235,R050,MOY-0190,MMS_OTHER,C00,O03,T9,U01,EM_PROPORTION,DESCRIPTIVE,0,not_orientable,-1,MMS_OTHER|C00|O03|T9|U01,MMS_OTHER|C00|O03|T9|U01|EM_PROPORTION,Moderate,True,False,review_profile,review_profile,keyword,not_analytic,exact,proportion,C00 and O99 are operational noninferential codes and do not create new SAP comparisons/outcomes.
E0236,R050,MOY-0190,MMS_OTHER,C00,O99,T9,U01,EM_PROPORTION,DESCRIPTIVE,0,not_orientable,0,MMS_OTHER|C00|O99|T9|U01,MMS_OTHER|C00|O99|T9|U01|EM_PROPORTION,Moderate,True,False,review_profile,review_profile,other_or_composite,not_analytic,exact,proportion,C00 and O99 are operational noninferential codes and do not create new SAP comparisons/outcomes.
E0237,R050,MOY-0190,MMS_OTHER,C00,O13,T3,U01,EM_PROPORTION,PATIENT_CENTERED_DESCRIPTIVE,0,not_orientable,0,MMS_OTHER|C00|O13|T3|U01,MMS_OTHER|C00|O13|T3|U01|EM_PROPORTION,High,False,False,review_profile,review_profile,keyword,long_term,exact,proportion,C00 and O99 are operational noninferential codes and do not create new SAP comparisons/outcomes.
E0238,R051,MOY-1141,MMS_OTHER,C00,O03,T3,U07,EM_PROPORTION,DESCRIPTIVE,0,not_orientable,-1,MMS_OTHER|C00|O03|T3|U07,MMS_OTHER|C00|O03|T3|U07|EM_PROPORTION,Moderate,True,False,review_profile,review_profile,keyword,long_term,mixed_or_unclear,proportion,C00 and O99 are operational noninferential codes and do not create new SAP comparisons/outcomes.
E0239,R051,MOY-1141,MMS_OTHER,C00,O09,T9,U01,EM_PROPORTION,DESCRIPTIVE,0,not_orientable,-1,MMS_OTHER|C00|O09|T9|U01,MMS_OTHER|C00|O09|T9|U01|EM_PROPORTION,Moderate,True,False,review_profile,review_profile,keyword,not_analytic,exact,proportion,C00 and O99 are operational noninferential codes and do not create new SAP comparisons/outcomes.
E0240,R052,MOY-0086,PED_MIX,C00,O10,T9,U02,EM_PROPORTION,SURROGATE_DESCRIPTIVE,0,not_orientable,1,PED_MIX|C00|O10|T9|U02,PED_MIX|C00|O10|T9|U02|EM_PROPORTION,Moderate,True,False,review_profile,review_profile,keyword,not_analytic,exact,proportion,C00 and O99 are operational noninferential codes and do not create new SAP comparisons/outcomes.
E0241,R053,MOY-0051,MIXED_UNSEP,C00,O03,T9,U07,EM_PROPORTION,DESCRIPTIVE,0,not_orientable,-1,MIXED_UNSEP|C00|O03|T9|U07,MIXED_UNSEP|C00|O03|T9|U07|EM_PROPORTION,Low,True,False,review_profile,review_profile,keyword,not_analytic,mixed_or_unclear,proportion,C00 and O99 are operational noninferential codes and do not create new SAP comparisons/outcomes.
E0243,R054,MOY-0034,MIXED_UNSEP,C09,O11,T3,U07,EM_OR,COMPARATIVE,1,canonical,1,MIXED_UNSEP|C09|O11|T3|U07,MIXED_UNSEP|C09|O11|T3|U07|EM_OR,Moderate,True,False,review_profile,review_profile,keyword,long_term,mixed_or_unclear,exact,
E0244,R055,MOY-0032,MMS_OTHER,C00,O02,T9,U01,EM_PROPORTION,DESCRIPTIVE,0,not_orientable,-1,MMS_OTHER|C00|O02|T9|U01,MMS_OTHER|C00|O02|T9|U01|EM_PROPORTION,Moderate,True,False,review_profile,review_profile,keyword,not_analytic,exact,proportion,C00 and O99 are operational noninferential codes and do not create new SAP comparisons/outcomes.
E0245,R058,MOY-0134,ADULT_MIX,C01,O02,T3,U07,EM_OR,COMPARATIVE,1,canonical,-1,ADULT_MIX|C01|O02|T3|U07,ADULT_MIX|C01|O02|T3|U07|EM_OR,High,False,False,review_profile,text_rule,keyword,long_term,mixed_or_unclear,exact,
E0247,R060,MOY-0020,PED_MIX,C12,O10,T9,U02,EM_PROPORTION,DESCRIPTIVE_WITH_COMPARATOR,0,not_orientable,1,PED_MIX|C12|O10|T9|U02,PED_MIX|C12|O10|T9|U02|EM_PROPORTION,High,False,False,review_profile,review_profile,keyword,not_analytic,exact,proportion,
E0248,R061,MOY-0120,MIXED_UNSEP,C00,O99,T9,U07,EM_DESCRIPTIVE,DESCRIPTIVE,0,not_orientable,0,MIXED_UNSEP|C00|O99|T9|U07,MIXED_UNSEP|C00|O99|T9|U07|EM_DESCRIPTIVE,Low,True,False,review_profile,review_profile,other_or_composite,not_analytic,mixed_or_unclear,descriptive,C00 and O99 are operational noninferential codes and do not create new SAP comparisons/outcomes.
E0249,R062,MOY-0102,MMS_OTHER,C00,O07,T3,U01,EM_PROPORTION,DESCRIPTIVE,0,not_orientable,-1,MMS_OTHER|C00|O07|T3|U01,MMS_OTHER|C00|O07|T3|U01|EM_PROPORTION,High,False,False,review_profile,review_profile,keyword,long_term,exact,proportion,C00 and O99 are operational noninferential codes and do not create new SAP comparisons/outcomes.
E0253,R064,MOY-0152,ADULT_MIX,C00,O01,T1,U01,EM_OR,PROGNOSTIC,0,not_orientable,-1,ADULT_MIX|C00|O01|T1|U01,ADULT_MIX|C00|O01|T1|U01|EM_OR,High,False,False,review_profile,no_authorized_comparison,risk_review_target,early,exact,exact,C00 and O99 are operational noninferential codes and do not create new SAP comparisons/outcomes.
E0254,R065,MOY-0123,MIXED_UNSEP,C00,O13,T9,U01,EM_PROPORTION,PATIENT_CENTERED_DESCRIPTIVE,0,not_orientable,0,MIXED_UNSEP|C00|O13|T9|U01,MIXED_UNSEP|C00|O13|T9|U01|EM_PROPORTION,Moderate,True,False,review_profile,review_profile,keyword,not_analytic,exact,proportion,C00 and O99 are operational noninferential codes and do not create new SAP comparisons/outcomes.
E0255,R065,MOY-0123,MIXED_UNSEP,C00,O13,T9,U07,EM_PROPORTION,PATIENT_CENTERED_DESCRIPTIVE,0,not_orientable,0,MIXED_UNSEP|C00|O13|T9|U07,MIXED_UNSEP|C00|O13|T9|U07|EM_PROPORTION,Low,True,False,review_profile,review_profile,keyword,not_analytic,mixed_or_unclear,proportion,C00 and O99 are operational noninferential codes and do not create new SAP comparisons/outcomes.
E0256,R066,MOY-0040,MIXED_UNSEP,C01,O05,T3,U01,EM_OR,COMPARATIVE,1,canonical,-1,MIXED_UNSEP|C01|O05|T3|U01,MIXED_UNSEP|C01|O05|T3|U01|EM_OR,High,False,False,review_profile,text_rule,keyword,long_term,exact,exact,
E0257,R067,MOY-0151,MIXED_UNSEP,C00,O01,T1,U07,EM_OR,PROGNOSTIC,0,not_orientable,-1,MIXED_UNSEP|C00|O01|T1|U07,MIXED_UNSEP|C00|O01|T1|U07|EM_OR,Moderate,True,False,review_profile,no_authorized_comparison,risk_review_target,early,mixed_or_unclear,exact,C00 and O99 are operational noninferential codes and do not create new SAP comparisons/outcomes.
E0258,R068,MOY-0009,ADULT_ISCH,C01,O02,T9,U07,EM_OR,COMPARATIVE,1,canonical,-1,ADULT_ISCH|C01|O02|T9|U07,ADULT_ISCH|C01|O02|T9|U07|EM_OR,Moderate,True,False,subgroup_text,text_rule,keyword,not_analytic,mixed_or_unclear,exact,
E0259,R071,MOY-0071,MIXED_UNSEP,C01,O06,T9,U07,EM_PROPORTION,DESCRIPTIVE_WITH_COMPARATOR,0,not_orientable,1,MIXED_UNSEP|C01|O06|T9|U07,MIXED_UNSEP|C01|O06|T9|U07|EM_PROPORTION,Moderate,True,False,review_profile,review_text_rule,keyword,not_analytic,mixed_or_unclear,proportion,
E0260,R072,MOY-0038,MIXED_UNSEP,C00,O08,T1,U07,EM_RATE,DESCRIPTIVE,0,not_orientable,-1,MIXED_UNSEP|C00|O08|T1|U07,MIXED_UNSEP|C00|O08|T1|U07|EM_RATE,Moderate,True,False,review_profile,review_profile,keyword,early,mixed_or_unclear,rate,C00 and O99 are operational noninferential codes and do not create new SAP comparisons/outcomes.
E0261,R073,MOY-0056,ADULT_HEM,C06,O07,T9,U01,EM_OR,COMPARATIVE,1,canonical,-1,ADULT_HEM|C06|O07|T9|U01,ADULT_HEM|C06|O07|T9|U01|EM_OR,High,False,False,review_profile,review_profile,keyword,not_analytic,exact,exact,
E0262,R074,MOY-0074,MIXED_UNSEP,C11,O02,T9,U01,EM_OR,COMPARATIVE,1,canonical,-1,MIXED_UNSEP|C11|O02|T9|U01,MIXED_UNSEP|C11|O02|T9|U01|EM_OR,Moderate,True,False,review_profile,review_profile,keyword,not_analytic,exact,exact,
E0263,R031,MOY-0161,MIXED_UNSEP,C01,O99,T4,U01,EM_OR,COMPARATIVE,1,canonical,0,MIXED_UNSEP|C01|O99|T4|U01,MIXED_UNSEP|C01|O99|T4|U01|EM_OR,Moderate,True,False,review_profile,text_rule,other_or_composite,mixed_or_unspecified_followup,exact,exact,C00 and O99 are operational noninferential codes and do not create new SAP comparisons/outcomes.
E0264,R035,MOY-0022,MIXED_UNSEP,C09,O02,T4,U01,EM_OR,COMPARATIVE,1,canonical,-1,MIXED_UNSEP|C09|O02|T4|U01,MIXED_UNSEP|C09|O02|T4|U01|EM_OR,High,False,False,review_profile,review_profile,keyword,mixed_or_unspecified_followup,exact,exact,
E0265,R035,MOY-0022,MIXED_UNSEP,C09,O06,T4,U01,EM_WMD,COMPARATIVE,1,canonical,1,MIXED_UNSEP|C09|O06|T4|U01,MIXED_UNSEP|C09|O06|T4|U01|EM_WMD,High,False,False,review_profile,review_profile,keyword,mixed_or_unspecified_followup,exact,exact,
E0266,R035,MOY-0022,MIXED_UNSEP,C09,O01,T1,U07,EM_OR,COMPARATIVE,1,canonical,-1,MIXED_UNSEP|C09|O01|T1|U07,MIXED_UNSEP|C09|O01|T1|U07|EM_OR,Moderate,True,False,review_profile,review_profile,keyword_horizon,early,mixed_or_unclear,exact,
E0267,R002,MOY-0170,MMS_SCD,C14,O01,T1,U01,EM_PROPORTION,DESCRIPTIVE_WITH_COMPARATOR,1,canonical,-1,MMS_SCD|C14|O01|T1|U01,MMS_SCD|C14|O01|T1|U01|EM_PROPORTION,High,False,False,review_profile,review_profile,keyword_horizon,early,exact,proportion,
E0268,R002,MOY-0170,MMS_SCD,C14,O01,T3,U05,EM_RATE,DESCRIPTIVE_WITH_COMPARATOR,1,canonical,-1,MMS_SCD|C14|O01|T3|U05,MMS_SCD|C14|O01|T3|U05|EM_RATE,High,False,False,review_profile,review_profile,keyword_horizon,long_term,exact,rate,
E0269,R005,MOY-0041,MMS_NF1,C01,O03,T9,U01,EM_PROPORTION,DESCRIPTIVE_WITH_COMPARATOR,0,not_orientable,-1,MMS_NF1|C01|O03|T9|U01,MMS_NF1|C01|O03|T9|U01|EM_PROPORTION,High,False,False,review_profile,text_rule,keyword,not_analytic,exact,proportion,
E0270,R005,MOY-0041,MMS_NF1,C01,O02,T9,U01,EM_PROPORTION,DESCRIPTIVE_WITH_COMPARATOR,0,not_orientable,-1,MMS_NF1|C01|O02|T9|U01,MMS_NF1|C01|O02|T9|U01|EM_PROPORTION,High,False,False,review_profile,text_rule,keyword,not_analytic,exact,proportion,
E0271,R007,MOY-0045,ASYM_STABLE,C08,O02,T4,U01,EM_PROPORTION,DESCRIPTIVE_WITH_COMPARATOR,0,not_orientable,-1,ASYM_STABLE|C08|O02|T4|U01,ASYM_STABLE|C08|O02|T4|U01|EM_PROPORTION,High,False,False,review_profile,review_profile,keyword,mixed_or_unspecified_followup,exact,proportion,
E0272,R010,MOY-0073,ADULT_MIX,C13,O12,T9,U07,EM_MD,COMPARATIVE,1,canonical,0,ADULT_MIX|C13|O12|T9|U07,ADULT_MIX|C13|O12|T9|U07|EM_MD,Moderate,True,False,review_profile,review_profile,keyword,not_analytic,mixed_or_unclear,exact,
E0274,R015,MOY-1176,PED_MIX,C00,O01,T1,U03,EM_PROPORTION,DESCRIPTIVE,0,not_orientable,-1,PED_MIX|C00|O01|T1|U03,PED_MIX|C00|O01|T1|U03|EM_PROPORTION,High,False,False,review_profile,no_authorized_comparison,keyword_horizon,early,exact,proportion,C00 and O99 are operational noninferential codes and do not create new SAP comparisons/outcomes.
E0275,R015,MOY-1176,PED_MIX,C00,O06,T4,U01,EM_PROPORTION,DESCRIPTIVE,0,not_orientable,1,PED_MIX|C00|O06|T4|U01,PED_MIX|C00|O06|T4|U01|EM_PROPORTION,High,False,False,review_profile,no_authorized_comparison,keyword,mixed_or_unspecified_followup,exact,proportion,C00 and O99 are operational noninferential codes and do not create new SAP comparisons/outcomes.
E0276,R015,MOY-1176,PED_MIX,C00,O02,T9,U01,EM_PROPORTION,DESCRIPTIVE,0,not_orientable,-1,PED_MIX|C00|O02|T9|U01,PED_MIX|C00|O02|T9|U01|EM_PROPORTION,Moderate,True,False,review_profile,no_authorized_comparison,keyword,not_analytic,exact,proportion,C00 and O99 are operational noninferential codes and do not create new SAP comparisons/outcomes.
E0277,R017,MOY-0072,MIXED_UNSEP,C10,O01,T1,U07,EM_OR,COMPARATIVE,0,not_orientable,-1,MIXED_UNSEP|C10|O01|T1|U07,MIXED_UNSEP|C10|O01|T1|U07|EM_OR,Low,True,True,review_profile,review_profile,keyword_horizon,early,mixed_or_unclear,exact,
E0278,R023,MOY-0023,MIXED_UNSEP,C09,O01,T1,U07,EM_PROPORTION,DESCRIPTIVE_WITH_COMPARATOR,1,canonical,-1,MIXED_UNSEP|C09|O01|T1|U07,MIXED_UNSEP|C09|O01|T1|U07|EM_PROPORTION,Moderate,True,False,review_profile,review_profile,keyword_horizon,early,mixed_or_unclear,proportion,
E0279,R026,MOY-1036,MIXED_UNSEP,C00,O10,T9,U01,EM_PROPORTION,SURROGATE_DESCRIPTIVE,0,not_orientable,1,MIXED_UNSEP|C00|O10|T9|U01,MIXED_UNSEP|C00|O10|T9|U01|EM_PROPORTION,Moderate,True,False,review_profile,review_profile,keyword,not_analytic,exact,proportion,C00 and O99 are operational noninferential codes and do not create new SAP comparisons/outcomes.
E0280,R028,MOY-0172,PED_MIX,C05,O01,T1,U02,EM_PROPORTION,DESCRIPTIVE_WITH_COMPARATOR,0,not_orientable,-1,PED_MIX|C05|O01|T1|U02,PED_MIX|C05|O01|T1|U02|EM_PROPORTION,High,False,False,review_profile,review_profile,keyword_horizon,early,exact,proportion,
E0281,R036,MOY-0121,PREG,C00,O99,T9,U07,EM_PROPORTION,DESCRIPTIVE,0,not_orientable,0,PREG|C00|O99|T9|U07,PREG|C00|O99|T9|U07|EM_PROPORTION,Low,True,False,review_profile,review_profile,other_or_composite,not_analytic,mixed_or_unclear,proportion,C00 and O99 are operational noninferential codes and do not create new SAP comparisons/outcomes.
E0282,R039,MOY-0100,MIXED_UNSEP,C00,O05,T9,U07,EM_PROPORTION,DESCRIPTIVE,0,not_orientable,-1,MIXED_UNSEP|C00|O05|T9|U07,MIXED_UNSEP|C00|O05|T9|U07|EM_PROPORTION,Low,True,False,review_profile,no_authorized_comparison,keyword,not_analytic,mixed_or_unclear,proportion,C00 and O99 are operational noninferential codes and do not create new SAP comparisons/outcomes.
E0283,R041,MOY-0131,MMS_SCD,C14,O01,T1,U01,EM_PROPORTION,DESCRIPTIVE_WITH_COMPARATOR,1,canonical,-1,MMS_SCD|C14|O01|T1|U01,MMS_SCD|C14|O01|T1|U01|EM_PROPORTION,High,False,False,review_profile,review_profile,keyword_horizon,early,exact,proportion,
E0284,R041,MOY-0131,MMS_SCD,C14,O01,T1,U05,EM_RATE,DESCRIPTIVE_WITH_COMPARATOR,1,canonical,-1,MMS_SCD|C14|O01|T1|U05,MMS_SCD|C14|O01|T1|U05|EM_RATE,High,False,False,review_profile,review_profile,keyword_horizon,early,exact,rate,
E0285,R043,MOY-0166,MIXED_UNSEP,C13,O07,T3,U07,EM_PROPORTION,DESCRIPTIVE_WITH_COMPARATOR,1,canonical,-1,MIXED_UNSEP|C13|O07|T3|U07,MIXED_UNSEP|C13|O07|T3|U07|EM_PROPORTION,Moderate,True,False,review_profile,review_profile,keyword,long_term,mixed_or_unclear,proportion,
E0286,R052,MOY-0086,PED_MIX,C00,O10,T9,U07,EM_PROPORTION,SURROGATE_DESCRIPTIVE,0,not_orientable,1,PED_MIX|C00|O10|T9|U07,PED_MIX|C00|O10|T9|U07|EM_PROPORTION,Moderate,True,False,review_profile,review_profile,keyword,not_analytic,mixed_or_unclear,proportion,C00 and O99 are operational noninferential codes and do not create new SAP comparisons/outcomes.
E0287,R052,MOY-0086,PED_MIX,C00,O10,T9,U07,EM_PROPORTION,SURROGATE_DESCRIPTIVE,0,not_orientable,1,PED_MIX|C00|O10|T9|U07,PED_MIX|C00|O10|T9|U07|EM_PROPORTION,Moderate,True,False,review_profile,review_profile,keyword,not_analytic,mixed_or_unclear,proportion,C00 and O99 are operational noninferential codes and do not create new SAP comparisons/outcomes.
E0288,R060,MOY-0020,PED_MIX,C12,O10,T9,U02,EM_PROPORTION,DESCRIPTIVE_WITH_COMPARATOR,0,not_orientable,1,PED_MIX|C12|O10|T9|U02,PED_MIX|C12|O10|T9|U02|EM_PROPORTION,High,False,False,review_profile,review_profile,keyword,not_analytic,exact,proportion,
E0289,R060,MOY-0020,PED_MIX,C12,O10,T9,U02,EM_PROPORTION,DESCRIPTIVE_WITH_COMPARATOR,0,not_orientable,1,PED_MIX|C12|O10|T9|U02,PED_MIX|C12|O10|T9|U02|EM_PROPORTION,High,False,False,review_profile,review_profile,keyword,not_analytic,exact,proportion,
E0290,R060,MOY-0020,PED_MIX,C12,O01,T9,U02,EM_PROPORTION,DESCRIPTIVE_WITH_COMPARATOR,0,not_orientable,-1,PED_MIX|C12|O01|T9|U02,PED_MIX|C12|O01|T9|U02|EM_PROPORTION,High,False,False,review_profile,review_profile,keyword_horizon,not_analytic,exact,proportion,
E0291,R060,MOY-0020,PED_MIX,C12,O03,T9,U02,EM_PROPORTION,DESCRIPTIVE_WITH_COMPARATOR,0,not_orientable,-1,PED_MIX|C12|O03|T9|U02,PED_MIX|C12|O03|T9|U02|EM_PROPORTION,High,False,False,review_profile,review_profile,keyword,not_analytic,exact,proportion,
E0292,R060,MOY-0020,PED_MIX,C12,O09,T9,U02,EM_PROPORTION,DESCRIPTIVE_WITH_COMPARATOR,0,not_orientable,-1,PED_MIX|C12|O09|T9|U02,PED_MIX|C12|O09|T9|U02|EM_PROPORTION,High,False,False,review_profile,review_profile,keyword,not_analytic,exact,proportion,
E0293,R060,MOY-0020,PED_MIX,C12,O05,T9,U02,EM_PROPORTION,DESCRIPTIVE_WITH_COMPARATOR,0,not_orientable,-1,PED_MIX|C12|O05|T9|U02,PED_MIX|C12|O05|T9|U02|EM_PROPORTION,High,False,False,review_profile,review_profile,keyword,not_analytic,exact,proportion,
E0294,R060,MOY-0020,PED_MIX,C12,O07,T9,U02,EM_PROPORTION,DESCRIPTIVE_WITH_COMPARATOR,0,not_orientable,-1,PED_MIX|C12|O07|T9|U02,PED_MIX|C12|O07|T9|U02|EM_PROPORTION,High,False,False,review_profile,review_profile,keyword,not_analytic,exact,proportion,
E0295,R063,MOY-0075,ADULT_HEM,C06,O02,T3,U01,EM_RR,COMPARATIVE,1,canonical,-1,ADULT_HEM|C06|O02|T3|U01,ADULT_HEM|C06|O02|T3|U01|EM_RR,High,False,False,review_profile,review_profile,keyword,long_term,exact,exact,
E0296,R067,MOY-0151,MIXED_UNSEP,C00,O01,T1,U07,EM_OR,PROGNOSTIC,0,not_orientable,-1,MIXED_UNSEP|C00|O01|T1|U07,MIXED_UNSEP|C00|O01|T1|U07|EM_OR,Moderate,True,False,review_profile,no_authorized_comparison,risk_review_target,early,mixed_or_unclear,exact,C00 and O99 are operational noninferential codes and do not create new SAP comparisons/outcomes.
E0297,R072,MOY-0038,MIXED_UNSEP,C00,O08,T1,U07,EM_DESCRIPTIVE,DESCRIPTIVE,0,not_orientable,-1,MIXED_UNSEP|C00|O08|T1|U07,MIXED_UNSEP|C00|O08|T1|U07|EM_DESCRIPTIVE,Low,True,False,review_profile,review_profile,keyword,early,mixed_or_unclear,descriptive,C00 and O99 are operational noninferential codes and do not create new SAP comparisons/outcomes.
