Effect ID,Comparison override,Outcome override,Orientation override,Benefit multiplier override,Source intervention override,Source comparator override,Mapping confidence override,Final manual review flag,Final comparison mismatch flag,Final source adjudication status,Direction interpretation override,Population note override,Source-adjudication note
E0169,,,1,,Surgical revascularization,Conservative management,,FALSE,FALSE,RESOLVED,,Predominantly adult hemorrhagic MMD; source review reports 98.3% adults.,Source supports pooled surgical revascularization versus conservative management in hemorrhagic MMD; network rankings remain methodologically fragile.
E0170,,,1,,Surgical revascularization,Conservative management,,FALSE,FALSE,RESOLVED,,Predominantly adult hemorrhagic MMD; source review reports 98.3% adults.,Source supports pooled surgical revascularization versus conservative management in hemorrhagic MMD; network rankings remain methodologically fragile.
E0171,,,1,,Surgical revascularization,Conservative management,,FALSE,FALSE,RESOLVED,,Predominantly adult hemorrhagic MMD; source review reports 98.3% adults.,Source supports pooled surgical revascularization versus conservative management in hemorrhagic MMD; network rankings remain methodologically fragile.
E0182,,,,,,,,FALSE,FALSE,RESOLVED,,,"Exact manuscript-ready estimate, comparator context, and PDF locator rechecked; residual flags reflected evidence heterogeneity/units/horizon rather than unresolved extraction."
E0162,,,1,,Surgery,Conservative surveillance,,FALSE,FALSE,RESOLVED,,,Asymptomatic/hemodynamically stable review explicitly compares surgical management with conservative follow-up for TIA.
E0036,,,1,1,Surgery,Conservative management,,FALSE,FALSE,RESOLVED,,,Improved cerebral perfusion is a beneficial surrogate in a surgery-versus-conservative comparison.
E0033,,,,,,,,FALSE,FALSE,RESOLVED,,,"Exact manuscript-ready estimate, comparator context, and PDF locator rechecked; residual flags reflected evidence heterogeneity/units/horizon rather than unresolved extraction."
E0227,,,-1,,Indirect bypass,Direct bypass,,FALSE,FALSE,RESOLVED,,,Source reports secondary stroke as indirect versus direct OR 1.79 (1.14–2.82); canonical direct-versus-indirect display is reciprocated.
E0266,,,,,,,,FALSE,FALSE,RESOLVED,,,"Exact manuscript-ready estimate, comparator context, and PDF locator rechecked; residual flags reflected evidence heterogeneity/units/horizon rather than unresolved extraction."
E0095,,,,,,,,FALSE,FALSE,RESOLVED,,,"Exact manuscript-ready estimate, comparator context, and PDF locator rechecked; residual flags reflected evidence heterogeneity/units/horizon rather than unresolved extraction."
E0208,,,,,,,,FALSE,FALSE,RESOLVED,,,"Exact manuscript-ready estimate, comparator context, and PDF locator rechecked; residual flags reflected evidence heterogeneity/units/horizon rather than unresolved extraction."
E0093,,,,,,,,FALSE,FALSE,RESOLVED,,,"Exact manuscript-ready estimate, comparator context, and PDF locator rechecked; residual flags reflected evidence heterogeneity/units/horizon rather than unresolved extraction."
E0097,,,,,,,,FALSE,FALSE,RESOLVED,,,"Exact manuscript-ready estimate, comparator context, and PDF locator rechecked; residual flags reflected evidence heterogeneity/units/horizon rather than unresolved extraction."
E0210,,,,,,,,FALSE,FALSE,RESOLVED,,,"Exact manuscript-ready estimate, comparator context, and PDF locator rechecked; residual flags reflected evidence heterogeneity/units/horizon rather than unresolved extraction."
E0094,,,,,,,,FALSE,FALSE,RESOLVED,,,"Exact manuscript-ready estimate, comparator context, and PDF locator rechecked; residual flags reflected evidence heterogeneity/units/horizon rather than unresolved extraction."
E0096,,,,,,,,FALSE,FALSE,RESOLVED,,,"Exact manuscript-ready estimate, comparator context, and PDF locator rechecked; residual flags reflected evidence heterogeneity/units/horizon rather than unresolved extraction."
E0243,,,,,,,,FALSE,FALSE,RESOLVED,,,"Exact manuscript-ready estimate, comparator context, and PDF locator rechecked; residual flags reflected evidence heterogeneity/units/horizon rather than unresolved extraction."
E0209,,,,,,,,FALSE,FALSE,RESOLVED,,,"Exact manuscript-ready estimate, comparator context, and PDF locator rechecked; residual flags reflected evidence heterogeneity/units/horizon rather than unresolved extraction."
E0277,,,1,,Inhalational anesthesia,Intravenous anesthesia,High,FALSE,FALSE,RESOLVED,,,Review title/abstract and methods explicitly define inhalational anesthesia as intervention and intravenous anesthesia as control; inherited surgical comparator text is rejected.
E0178,,,1,,Inhalational anesthesia,Intravenous anesthesia,High,FALSE,FALSE,RESOLVED,,,Review title/abstract and methods explicitly define inhalational anesthesia as intervention and intravenous anesthesia as control; inherited surgical comparator text is rejected.
E0262,,,,,,,,FALSE,FALSE,RESOLVED,,,"Exact manuscript-ready estimate, comparator context, and PDF locator rechecked; residual flags reflected evidence heterogeneity/units/horizon rather than unresolved extraction."
E0200,,,1,,Direct/combined bypass,Indirect bypass,,FALSE,FALSE,RESOLVED,,,Pediatric meta-analysis explicitly reports Matsushima A/B for direct/combined versus indirect; angiographic surrogate only.
E0038,C15,,-1,,Indirect bypass,Direct/combined bypass,,FALSE,FALSE,RESOLVED,,,Source discussion states higher recurrent/secondary stroke with indirect surgery; OR 2.03 is indirect versus direct/direct+combined and is reciprocated for canonical display.
E0193,C15,,1,,Direct/combined bypass,Indirect bypass,,FALSE,FALSE,RESOLVED,,,Adult review methods define the direct group as direct or combined bypass; stroke comparison belongs to C15.
E0030,C15,,1,-1,Direct/combined bypass,Indirect bypass,,FALSE,FALSE,RESOLVED,,,"Adult review defines the direct group as direct or combined bypass. Outcome is poor angiographic revascularization, therefore lower RR is favorable."
E0031,C15,,1,1,Direct/combined bypass,Indirect bypass,,FALSE,FALSE,RESOLVED,,,Adult review defines the direct group as direct or combined bypass. Improved/normalized hemodynamic status is beneficial.
E0202,,,1,,Direct/combined bypass,Indirect bypass,,FALSE,FALSE,RESOLVED,,,Pediatric meta-analysis explicitly compares perioperative TIA for direct/combined versus indirect; CI includes null.
E0105,,,-1,,,,,FALSE,FALSE,RESOLVED,,,Source reports indirect versus direct perioperative hemorrhage OR 0.03 (0.002–0.55); canonical direct-versus-indirect display uses the reciprocal.
E0106,,,-1,,,,,FALSE,FALSE,RESOLVED,,,Source reports indirect versus combined perioperative hemorrhage OR 0.03 (0.002–0.53); canonical combined-versus-indirect display uses the reciprocal.
E0265,,,1,-1,Antiplatelet therapy,No antiplatelet therapy/usual care,,FALSE,FALSE,RESOLVED,,,mRS is functional and lower is favorable. WMD −0.07 (−0.14 to −0.00) is retained exactly; the rounded CI reaches the null boundary.
