Review ID,Default phenotype code,Default comparison code
R002,MMS_SCD,C14
R003,MIXED_UNSEP,RULE_BASED
R004,MIXED_UNSEP,RULE_BASED
R005,MMS_NF1,RULE_BASED
R006,ASYM_STABLE,RULE_BASED
R007,ASYM_STABLE,C08
R009,ADULT_MIX,RULE_BASED
R010,ADULT_MIX,C13
R011,MIXED_UNSEP,RULE_BASED
R012,ADULT_HEM,C06
R015,PED_MIX,RULE_BASED
R017,MIXED_UNSEP,C10
R018,PREG,C00
R019,ADULT_MIX,RULE_BASED
R020,MIXED_UNSEP,RULE_BASED
R021,MIXED_UNSEP,RULE_BASED
R022,MMS_OTHER,RULE_BASED
R023,MIXED_UNSEP,C09
R024,ADULT_ISCH,C02
R026,MIXED_UNSEP,C00
R027,MIXED_UNSEP,C00
R028,PED_MIX,C05
R029,MIXED_UNSEP,RULE_BASED
R030,MIXED_UNSEP,RULE_BASED
R031,MIXED_UNSEP,RULE_BASED
R032,PED_MIX,C00
R033,MIXED_UNSEP,C09
R034,ADULT_MIX,RULE_BASED
R035,MIXED_UNSEP,C09
R036,PREG,C00
R038,MIXED_UNSEP,C00
R039,MIXED_UNSEP,RULE_BASED
R041,MMS_SCD,C14
R042,ADULT_MIX,RULE_BASED
R043,MIXED_UNSEP,C13
R044,PED_MIX,C00
R045,MIXED_UNSEP,RULE_BASED
R046,MIXED_UNSEP,RULE_BASED
R047,PED_MIX,C05
R050,MMS_OTHER,C00
R051,MMS_OTHER,C00
R052,PED_MIX,C00
R053,MIXED_UNSEP,C00
R054,MIXED_UNSEP,C09
R055,MMS_OTHER,C00
R056,MIXED_UNSEP,C00
R058,ADULT_MIX,RULE_BASED
R060,PED_MIX,C12
R061,MIXED_UNSEP,C00
R062,MMS_OTHER,C00
R063,ADULT_HEM,C06
R064,ADULT_MIX,RULE_BASED
R065,MIXED_UNSEP,C00
R066,MIXED_UNSEP,RULE_BASED
R067,MIXED_UNSEP,RULE_BASED
R068,ADULT_MIX,RULE_BASED
R071,MIXED_UNSEP,RULE_BASED
R072,MIXED_UNSEP,C00
R073,ADULT_HEM,C06
R074,MIXED_UNSEP,C11
