Claim_domain,Allowed manuscript claim,Prohibited overstatement
Overall technique hierarchy,"Preferred strategy appears phenotype-, outcome-, and horizon-dependent.",There is one universally best bypass technique.
Adult direct/combined vs indirect,Immediate-flow strategies show favorable ischemic/late-event and functional signals in adults.,Direct or combined bypass is globally safer or definitively superior for every adult phenotype.
Early hemorrhagic safety,Indirect bypass shows a lower perioperative hemorrhage signal than direct or combined bypass in the relevant review-level comparison.,Indirect bypass is globally superior; the signal is event-specific to perioperative hemorrhage.
Pediatric technique choice,"Direct/combined procedures improve angiographic collateralization, while comparative clinical superiority remains unproven.",Better Matsushima grade proves fewer strokes or better cognition/function.
Surrogate outcomes,"Patency, Matsushima grade and perfusion should be presented as mechanistic/technical evidence.",Technical or hemodynamic improvement proves patient-important clinical benefit.
Antiplatelet therapy,"Post-bypass antiplatelet therapy has signals for patency, TIA and function, with inconsistent stroke/hemorrhage effects.",Antiplatelet therapy replaces revascularization or definitively prevents stroke.
Anesthesia,No clear pooled difference in transient neurologic events or postoperative stroke.,Nonsignificance proves equivalence.
Remote ischemic conditioning,RIC has a promising ischemic-stroke signal in a small RCT evidence base.,RIC can replace revascularization or has proven durable benefit.
Prognostic factors,Several factors are associated with postoperative stroke risk.,A prognostic association is a validated treatment-effect modifier or individualized prediction rule.
Evidence certainty,The review literature is predominantly AMSTAR 2 critically low and ROBIS high.,The synthesis provides high-certainty GRADE recommendations.
Timing,Current formal evidence does not support a universal evidence-based timing window.,A specific delay or early-surgery interval is universally optimal.
