Effect ID,Phenotype,Predictor,Association estimate,Publication table role,Final interpretation,Review ID,Exact source
E0016,Pediatric mixed MMD/MMS,Post-revascularization stroke: age <3 years,OR 7.60,,,R011,[MESCLADO 1 p. 130]
E0017,Mixed/unseparated,Post-revascularization stroke: diabetes mellitus,OR 2.10,,,R011,[MESCLADO 1 p. 130]
E0018,Mixed/unseparated,Post-revascularization stroke: Suzuki stage >3,OR 1.74,,,R011,[MESCLADO 1 p. 130]
E0019,Mixed/unseparated,Post-revascularization stroke: PCA involvement,NR,,,R011,[MESCLADO 1 p. 130]
E0075,Pediatric mixed MMD/MMS,Postoperative ischemic stroke: age <3 years,OR 7.60,,,R045,[MESCLADO 3 p. 46]
E0076,Mixed/unseparated,Postoperative ischemic stroke: diabetes,OR 2.10,,,R045,[MESCLADO 3 p. 46]
E0077,Mixed/unseparated,Postoperative ischemic stroke: Suzuki stage >3,OR 1.74,,,R045,[MESCLADO 3 p. 46]
E0078,Mixed/unseparated,Postoperative ischemic stroke: left hemisphere,OR 2.09,,,R045,[MESCLADO 3 p. 46]
E0079,Pediatric mixed MMD/MMS,Prior ischemic stroke,OR 2.59,SUPPLEMENT_DUPLICATE_PROXY,Higher postoperative ischemic stroke risk,R045,[MESCLADO 3 p. 46]
E0080,Mixed/unseparated,Acute white thrombus with perioperative antiplatelet therapy,OR 0.35,,,R045,[MESCLADO 3 p. 46]
E0119,Adult ischemic,Preoperative ischemic presentation,OR 1.40 (1.02 to 1.92),MAIN,Higher postoperative stroke risk,R064,[MESCLADO 4 p. 25]
E0120,Adult mixed,Posterior cerebral artery involvement,OR 4.60 (2.61 to 8.11),MAIN,Higher postoperative stroke risk,R064,[MESCLADO 4 p. 25]
E0121,Adult mixed,Indirect/combined versus direct procedure group,OR 1.17 (1.03 to 1.33),MAIN_ASSOCIATION,Association with higher postoperative stroke risk,R064,[MESCLADO 4 p. 25]
E0127,Mixed/unseparated,Preoperative MRA-related factor,OR 2.81 (1.27 to 6.22),SUPPLEMENT_AMBIGUOUS,Higher perioperative ischemic stroke risk,R067,[MESCLADO 4 p. 49]
E0128,Mixed/unseparated,Prior cerebral infarction,OR 2.52 (1.69 to 3.75),MAIN,Higher perioperative ischemic stroke risk,R067,[MESCLADO 4 p. 49]
E0168,Mixed/unseparated,Surgical intervention,OR 0.66 (0.45 to 0.97),EXCLUDE_COMPARATIVE_CONTEXT,Comparative treatment context,R011,[MESCLADO 1 p. 130]
E0226,Mixed/unseparated,Preoperative ischemic stroke,OR 2.59 (1.69 to 4.54),MAIN,Higher postoperative ischemic stroke risk,R045,[MESCLADO 3 p. 46]
E0253,Adult mixed,Diabetes mellitus,OR 4.02 (1.59 to 10.16),MAIN,Higher postoperative stroke risk,R064,[MESCLADO 4 p. 25]
E0257,Mixed/unseparated,Age,OR 0.99 (0.95 to 1.03),MAIN_NULL,No clear association,R067,[MESCLADO 4 p. 50]
E0296,Mixed/unseparated,Posterior cerebral artery involvement,OR 2.62 (1.36 to 5.06),MAIN_CORROBORATOR,Higher perioperative ischemic stroke risk,R067,[MESCLADO 4 p. 50]
