Effect ID,Phenotype,Comparison,Canonical intervention,Canonical comparator,Outcome,Horizon,Unit,Anchor review,Measure,Canonical effect estimate,Source-reported estimate,Orientation inverted for display,Conclusion class,Precision class,AMSTAR 2,ROBIS,Source adjudication,Exact source,Caveat,Publication-QC note
E0130,Adult hemorrhagic,Direct vs indirect,Direct bypass,Indirect bypass,Any/recurrent stroke,Mixed/unspecified follow-up,Mixed/unclear,R068 (2019),OR,OR 0.26 (0.14 to 0.49),OR 0.26 (0.14 to 0.49),FALSE,Precise benefit,CI excludes null,Critically low,High,NOT_REQUIRED,[MESCLADO 4 p. 58],Observational technique selection; angiographic benefit is not automatically a clinical stroke benefit.,
E0012,Adult hemorrhagic,Hemorrhagic MMD: revascularization comparison,Bypass surgery,Conservative treatment,Late ischemic stroke,Late/long-term,Patient,R009 (2020),OR,OR 0.16 (0.06 to 0.43),OR 0.16 (0.06 to 0.43),FALSE,Precise benefit,CI excludes null,Critically low,Unclear,NOT_REQUIRED,[MESCLADO 1 p. 102],Cannot claim equal benefit in ischemic-onset disease when subgroup estimates are imprecise/heterogeneous. Perioperative stroke/hemorrhage versus delayed reduction in recurrent events.,
E0169,Adult hemorrhagic,Hemorrhagic MMD: revascularization comparison,Surgical revascularization,Conservative management,Late ischemic stroke,Not reported/not analytic,Mixed/unclear,R012 (2018),OR,OR 0.31 (0.12 to 0.79),OR 0.31 (0.12 to 0.79),FALSE,Precise benefit,CI excludes null,Critically low,High,RESOLVED,[MESCLADO 1 p. 145],Cannot treat network ranking as definitive because network assumptions and sparse nonrandomized comparisons are fragile. Immediate operative risk versus long-term rebleeding reduction.,Source supports pooled surgical revascularization versus conservative management in hemorrhagic MMD; network rankings remain methodologically fragile.
E0013,Adult hemorrhagic,Hemorrhagic MMD: revascularization comparison,Bypass surgery,Conservative treatment,Late hemorrhage/rebleeding,Late/long-term,Patient,R009 (2020),OR,OR 0.39 (0.18 to 0.84),OR 0.39 (0.18 to 0.84),FALSE,Precise benefit,CI excludes null,Critically low,Unclear,NOT_REQUIRED,[MESCLADO 1 p. 102],Cannot claim equal benefit in ischemic-onset disease when subgroup estimates are imprecise/heterogeneous. Perioperative stroke/hemorrhage versus delayed reduction in recurrent events.,
E0170,Adult hemorrhagic,Hemorrhagic MMD: revascularization comparison,Surgical revascularization,Conservative management,Late hemorrhage/rebleeding,Not reported/not analytic,Mixed/unclear,R012 (2018),OR,OR 0.45 (0.26 to 0.79),OR 0.45 (0.26 to 0.79),FALSE,Precise benefit,CI excludes null,Critically low,High,RESOLVED,[MESCLADO 1 p. 145],Cannot treat network ranking as definitive because network assumptions and sparse nonrandomized comparisons are fragile. Immediate operative risk versus long-term rebleeding reduction.,Source supports pooled surgical revascularization versus conservative management in hemorrhagic MMD; network rankings remain methodologically fragile.
E0037,Adult hemorrhagic,Hemorrhagic MMD: revascularization comparison,Revascularization surgery,Conservative treatment,Mortality,Mixed/unspecified follow-up,Mixed/unclear,R029 (2019),OR,OR 0.27 (0.10 to 0.72),OR 0.27 (0.10 to 0.72),FALSE,Precise benefit,CI excludes null,Critically low,High,NOT_REQUIRED,[MESCLADO 2 p. 109],No stronger conclusion than supported by the supplied text. NR.,
E0261,Adult hemorrhagic,Hemorrhagic MMD: revascularization comparison,Revascularization.,Conservative/medical management.,Mortality,Not reported/not analytic,Patient,R073 (2023),OR,OR 0.24 (0.12 to 0.50),OR 0.24 (0.12 to 0.50),FALSE,Precise benefit,CI excludes null,Critically low,High,NOT_REQUIRED,[MESCLADO 4 p. 101],"Cannot generalize the magnitude to ischemic-onset, pediatric or non-East Asian populations. Perioperative risk versus late recurrent-event reduction.",
E0171,Adult hemorrhagic,Hemorrhagic MMD: revascularization comparison,Surgical revascularization,Conservative management,Mortality,Not reported/not analytic,Mixed/unclear,R012 (2018),OR,OR 0.53 (0.24 to 1.17),OR 0.53 (0.24 to 1.17),FALSE,Imprecise benefit direction,CI includes null,Critically low,High,RESOLVED,[MESCLADO 1 p. 145],Cannot treat network ranking as definitive because network assumptions and sparse nonrandomized comparisons are fragile. Immediate operative risk versus long-term rebleeding reduction.,Source supports pooled surgical revascularization versus conservative management in hemorrhagic MMD; network rankings remain methodologically fragile.
E0295,Adult hemorrhagic,Hemorrhagic MMD: revascularization comparison,Revascularization.,Conservative/medical management.,Any/recurrent stroke,Late/long-term,Patient,R063 (2017),RR,RR 0.43 (0.24 to 0.76),RR 0.43 (0.24 to 0.76),FALSE,Precise benefit,CI excludes null,Critically low,High,NOT_REQUIRED,[MESCLADO 4 p. 22],"Cannot generalize the magnitude to ischemic-onset, pediatric or non-East Asian populations. Perioperative risk versus late recurrent-event reduction.",
E0034,Adult hemorrhagic,Hemorrhagic MMD: revascularization comparison,Revascularization surgery,Conservative treatment,Any/recurrent stroke,Mixed/unspecified follow-up,Mixed/unclear,R029 (2019),OR,OR 0.21 (0.14 to 0.33),OR 0.21 (0.14 to 0.33),FALSE,Precise benefit,CI excludes null,Critically low,High,NOT_REQUIRED,[MESCLADO 2 p. 110],No stronger conclusion than supported by the supplied text. NR.,
E0011,Adult ischemic,Surgery vs conservative,Bypass surgery,Conservative treatment,Late hemorrhage/rebleeding,Late/long-term,Patient,R009 (2020),OR,OR 0.39 (0.18 to 0.87),OR 0.39 (0.18 to 0.87),FALSE,Precise benefit,CI excludes null,Critically low,Unclear,NOT_REQUIRED,[MESCLADO 1 p. 102],Cannot claim equal benefit in ischemic-onset disease when subgroup estimates are imprecise/heterogeneous. Perioperative stroke/hemorrhage versus delayed reduction in recurrent events.,
E0035,Adult ischemic,Surgery vs conservative,Revascularization surgery,Conservative treatment,Any/recurrent stroke,Mixed/unspecified follow-up,Mixed/unclear,R029 (2019),OR,OR 0.58 (0.16 to 2.05),OR 0.58 (0.16 to 2.05),FALSE,Imprecise benefit direction,CI includes null,Critically low,High,NOT_REQUIRED,[MESCLADO 2 p. 110],No stronger conclusion than supported by the supplied text. NR.,
E0193,Adult ischemic,Adult direct/combined vs indirect,Direct/combined bypass,Indirect bypass,Late ischemic stroke,Late/long-term,Hemisphere,R024 (2016),RR,RR 0.68 (0.32 to 1.44),RR 0.68 (0.32 to 1.44),FALSE,Imprecise benefit direction,CI includes null,Critically low,High,RESOLVED,[MESCLADO 2 p. 37],No stronger conclusion than supported by the supplied text. NR.,Adult review methods define the direct group as direct or combined bypass; stroke comparison belongs to C15.
E0030,Adult ischemic,Adult direct/combined vs indirect,Direct/combined bypass,Indirect bypass,Matsushima/collateralization,Late/long-term,Hemisphere,R024 (2016),RR,RR 0.35 (0.15 to 0.84),RR 0.35 (0.15 to 0.84),FALSE,Precise benefit,CI excludes null,Critically low,High,RESOLVED,[MESCLADO 2 p. 34],No stronger conclusion than supported by the supplied text. NR.,"Adult review defines the direct group as direct or combined bypass. Outcome is poor angiographic revascularization, therefore lower RR is favorable."
E0031,Adult ischemic,Adult direct/combined vs indirect,Direct/combined bypass,Indirect bypass,CBF/CVR/OEF/perfusion,Late/long-term,Hemisphere,R024 (2016),RR,RR 1.10 (0.89 to 1.35),RR 1.10 (0.89 to 1.35),FALSE,Imprecise benefit direction,CI includes null,Critically low,High,RESOLVED,[MESCLADO 2 p. 38],No stronger conclusion than supported by the supplied text. NR.,Adult review defines the direct group as direct or combined bypass. Improved/normalized hemodynamic status is beneficial.
E0009,Adult mixed,Surgery vs conservative,Bypass surgery,Conservative treatment,Late ischemic stroke,Late/long-term,Patient,R009 (2020),OR,OR 0.53 (0.33 to 0.85),OR 0.53 (0.33 to 0.85),FALSE,Precise benefit,CI excludes null,Critically low,Unclear,NOT_REQUIRED,[MESCLADO 1 p. 102],Cannot claim equal benefit in ischemic-onset disease when subgroup estimates are imprecise/heterogeneous. Perioperative stroke/hemorrhage versus delayed reduction in recurrent events.,
E0010,Adult mixed,Surgery vs conservative,Bypass surgery,Conservative treatment,Late hemorrhage/rebleeding,Late/long-term,Patient,R009 (2020),OR,OR 0.38 (0.23 to 0.64),OR 0.38 (0.23 to 0.64),FALSE,Precise benefit,CI excludes null,Critically low,Unclear,NOT_REQUIRED,[MESCLADO 1 p. 102],Cannot claim equal benefit in ischemic-onset disease when subgroup estimates are imprecise/heterogeneous. Perioperative stroke/hemorrhage versus delayed reduction in recurrent events.,
E0132,Adult mixed,Surgery vs conservative,Surgery,Conservative treatment,Mortality,Mixed/unspecified follow-up,Mixed/unclear,R068 (2019),OR,OR 0.37 (0.12 to 1.15),OR 0.37 (0.12 to 1.15),FALSE,Imprecise benefit direction,CI includes null,Critically low,High,NOT_REQUIRED,[MESCLADO 4 p. 58],Observational technique selection; angiographic benefit is not automatically a clinical stroke benefit.,
E0129,Adult mixed,Surgery vs conservative,Surgery,Conservative treatment,Any/recurrent stroke,Mixed/unspecified follow-up,Mixed/unclear,R068 (2019),OR,OR 0.40 (0.28 to 0.58),OR 0.40 (0.28 to 0.58),FALSE,Precise benefit,CI excludes null,Critically low,High,NOT_REQUIRED,[MESCLADO 4 p. 58],Observational technique selection; angiographic benefit is not automatically a clinical stroke benefit.,
E0182,Adult mixed,Surgery vs conservative,Direct and/or combined bypass.,Indirect bypass and/or conservative treatment.,Any/recurrent stroke,Not reported/not analytic,Mixed/unclear,R019 (2018),OR,OR 0.30 (0.20 to 0.46),OR 0.30 (0.20 to 0.46),FALSE,Precise benefit,CI excludes null,Critically low,High,RESOLVED,[MESCLADO 1 p. 210],"Cannot produce a universal ranking across mixed phenotypes and outcomes. Immediate flow and robust collaterals versus technical complexity, perioperative ischemia/hemorrhage and hyperperfusion.","Exact manuscript-ready estimate, comparator context, and PDF locator rechecked; residual flags reflected evidence heterogeneity/units/horizon rather than unresolved extraction."
E0053,Adult mixed,Direct vs indirect,Direct bypass,Indirect bypass,Early ischemic stroke,Early/perioperative,Mixed/unclear,R042 (2022),OR,OR 0.62 (0.48 to 0.79),OR 0.62 (0.48 to 0.79),FALSE,Precise benefit,CI excludes null,Critically low,High,NOT_REQUIRED,[MESCLADO 3 p. 7],Strong recommendation based on low-quality observational evidence; unit dependence and confounding by indication remain.,
E0063,Adult mixed,Direct vs indirect,Direct bypass,Indirect bypass,Late ischemic stroke,Late/long-term,Mixed/unclear,R042 (2022),OR,OR 0.37 (0.23 to 0.60),OR 0.37 (0.23 to 0.60),FALSE,Precise benefit,CI excludes null,Critically low,High,NOT_REQUIRED,[MESCLADO 3 p. 7],Strong recommendation based on low-quality observational evidence; unit dependence and confounding by indication remain.,
E0105,Adult mixed,Direct vs indirect,Direct bypass,Indirect bypass,Early intracranial hemorrhage,Early/perioperative,Mixed/unclear,R058 (2016),OR,OR 33.33 (1.82 to 500.00),OR 0.03 (0.00 to 0.55),TRUE,Precise harm,CI excludes null,Critically low,High,RESOLVED,[MESCLADO 3 p. 193],Observational evidence; pooled single-arm and direct-comparison analyses answer different questions.,Source reports indirect versus direct perioperative hemorrhage OR 0.03 (0.002–0.55); canonical direct-versus-indirect display uses the reciprocal.
E0064,Adult mixed,Direct vs indirect,Direct bypass,Indirect bypass,Late hemorrhage/rebleeding,Late/long-term,Mixed/unclear,R042 (2022),OR,OR 0.49 (0.31 to 0.77),OR 0.49 (0.31 to 0.77),FALSE,Precise benefit,CI excludes null,Critically low,High,NOT_REQUIRED,[MESCLADO 3 p. 7],Strong recommendation based on low-quality observational evidence; unit dependence and confounding by indication remain.,
E0110,Adult mixed,Direct vs indirect,Direct bypass,Indirect bypass,Favorable functional outcome,Late/long-term,Mixed/unclear,R058 (2016),OR,OR 2.62 (1.19 to 5.79),OR 2.62 (1.19 to 5.79),FALSE,Precise benefit,CI excludes null,Critically low,High,NOT_REQUIRED,[MESCLADO 3 p. 193],Observational evidence; pooled single-arm and direct-comparison analyses answer different questions.,
E0133,Adult mixed,Direct vs indirect,Direct bypass,Indirect bypass,Matsushima/collateralization,Mixed/unspecified follow-up,Mixed/unclear,R068 (2019),OR,OR 4.72 (1.22 to 18.23),OR 4.72 (1.22 to 18.23),FALSE,Precise benefit,CI excludes null,Critically low,High,NOT_REQUIRED,[MESCLADO 4 p. 58],Observational technique selection; angiographic benefit is not automatically a clinical stroke benefit.,
E0057,Adult mixed,Combined vs indirect,Combined bypass,Indirect bypass,Early ischemic stroke,Early/perioperative,Mixed/unclear,R042 (2022),OR,OR 0.53 (0.41 to 0.69),OR 0.53 (0.41 to 0.69),FALSE,Precise benefit,CI excludes null,Critically low,High,NOT_REQUIRED,[MESCLADO 3 p. 7],Strong recommendation based on low-quality observational evidence; unit dependence and confounding by indication remain.,
E0065,Adult mixed,Combined vs indirect,Combined bypass,Indirect bypass,Late ischemic stroke,Late/long-term,Mixed/unclear,R042 (2022),OR,OR 0.23 (0.12 to 0.43),OR 0.23 (0.12 to 0.43),FALSE,Precise benefit,CI excludes null,Critically low,High,NOT_REQUIRED,[MESCLADO 3 p. 7],Strong recommendation based on low-quality observational evidence; unit dependence and confounding by indication remain.,
E0106,Adult mixed,Combined vs indirect,Combined bypass,Indirect bypass,Early intracranial hemorrhage,Early/perioperative,Mixed/unclear,R058 (2016),OR,OR 33.33 (1.89 to 500.00),OR 0.03 (0.00 to 0.53),TRUE,Precise harm,CI excludes null,Critically low,High,RESOLVED,[MESCLADO 3 p. 193],Observational evidence; pooled single-arm and direct-comparison analyses answer different questions.,Source reports indirect versus combined perioperative hemorrhage OR 0.03 (0.002–0.53); canonical combined-versus-indirect display uses the reciprocal.
E0066,Adult mixed,Combined vs indirect,Combined bypass,Indirect bypass,Late hemorrhage/rebleeding,Late/long-term,Mixed/unclear,R042 (2022),OR,OR 0.30 (0.18 to 0.49),OR 0.30 (0.18 to 0.49),FALSE,Precise benefit,CI excludes null,Critically low,High,NOT_REQUIRED,[MESCLADO 3 p. 7],Strong recommendation based on low-quality observational evidence; unit dependence and confounding by indication remain.,
E0067,Adult mixed,Combined vs indirect,Combined bypass,Indirect bypass,Favorable functional outcome,Late/long-term,Mixed/unclear,R042 (2022),OR,OR 2.06 (1.18 to 3.58),OR 2.06 (1.18 to 3.58),FALSE,Precise benefit,CI excludes null,Critically low,High,NOT_REQUIRED,[MESCLADO 3 p. 7],Strong recommendation based on low-quality observational evidence; unit dependence and confounding by indication remain.,
E0109,Adult mixed,Direct vs combined,Direct bypass,Combined bypass,Late ischemic stroke,Late/long-term,Mixed/unclear,R058 (2016),OR,OR 0.47 (0.31 to 0.72),OR 0.47 (0.31 to 0.72),FALSE,Precise benefit,CI excludes null,Critically low,High,NOT_REQUIRED,[MESCLADO 3 p. 193],Observational evidence; pooled single-arm and direct-comparison analyses answer different questions.,
E0162,Asymptomatic/stable,Asymptomatic: surgery vs surveillance,Surgery,Conservative surveillance,TIA,Mixed/unspecified follow-up,Mixed/unclear,R007 (2025),OR,OR 0.47 (0.11 to 2.01),OR 0.47 (0.11 to 2.01),FALSE,Imprecise benefit direction,CI includes null,Low,High,RESOLVED,[MESCLADO 1 p. 66],Cannot convert prognostic association into a causal indication for a specific technique. Avoiding unnecessary surgery versus risk of silent or clinical progression.,Asymptomatic/hemodynamically stable review explicitly compares surgical management with conservative follow-up for TIA.
E0256,Mixed/unseparated,Surgery vs conservative,Revascularization.,Conservative/medical management.,Late hemorrhage/rebleeding,Late/long-term,Patient,R066 (2019),OR,OR 0.27 (0.14 to 0.53),OR 0.27 (0.14 to 0.53),FALSE,Precise benefit,CI excludes null,Critically low,High,NOT_REQUIRED,[MESCLADO 4 p. 40],"Cannot generalize the magnitude to ischemic-onset, pediatric or non-East Asian populations. Perioperative risk versus late recurrent-event reduction.",
E0036,Mixed/unseparated,Surgery vs conservative,Surgery,Conservative management,CBF/CVR/OEF/perfusion,Mixed/unspecified follow-up,Mixed/unclear,R029 (2019),OR,OR 7.16 (3.28 to 15.64),OR 7.16 (3.28 to 15.64),FALSE,Precise benefit,CI excludes null,Critically low,High,RESOLVED,[MESCLADO 2 p. 109],No stronger conclusion than supported by the supplied text. NR.,Improved cerebral perfusion is a beneficial surrogate in a surgery-versus-conservative comparison.
E0123,Mixed/unseparated,Surgery vs conservative,Surgical revascularization,Conservative therapy,Any/recurrent stroke,Mixed/unspecified follow-up,Patient,R066 (2019),OR,OR 0.38 (0.23 to 0.64),OR 0.38 (0.23 to 0.64),FALSE,Precise benefit,CI excludes null,Critically low,High,NOT_REQUIRED,[MESCLADO 4 p. 40],"Cannot generalize the magnitude to ischemic-onset, pediatric or non-East Asian populations. Perioperative risk versus late recurrent-event reduction.",
E0033,Mixed/unseparated,Surgery vs conservative,Revascularization surgery,Conservative treatment,Any/recurrent stroke,Mixed/unspecified follow-up,Mixed/unclear,R029 (2019),OR,OR 0.26 (0.20 to 0.33),OR 0.26 (0.20 to 0.33),FALSE,Precise benefit,CI excludes null,Critically low,High,RESOLVED,[MESCLADO 2 p. 110],No stronger conclusion than supported by the supplied text. NR.,"Exact manuscript-ready estimate, comparator context, and PDF locator rechecked; residual flags reflected evidence heterogeneity/units/horizon rather than unresolved extraction."
E0227,Mixed/unseparated,Direct vs indirect,Direct bypass,Indirect bypass,Any/recurrent stroke,Late/long-term,Mixed/unclear,R046 (2015),OR,OR 0.56 (0.35 to 0.88),OR 1.79 (1.14 to 2.82),TRUE,Precise benefit,CI excludes null,Critically low,High,RESOLVED,[MESCLADO 3 p. 72],"Cannot produce a universal ranking across mixed phenotypes and outcomes. Immediate flow and robust collaterals versus technical complexity, perioperative ischemia/hemorrhage and hyperperfusion.",Source reports secondary stroke as indirect versus direct OR 1.79 (1.14–2.82); canonical direct-versus-indirect display is reciprocated.
E0266,Mixed/unseparated,Antiplatelet vs none/alternative,Perioperative antiplatelet therapy,No perioperative antiplatelet therapy/usual care,Early ischemic stroke,Early/perioperative,Mixed/unclear,R035 (2023),OR,OR 0.70 (0.37 to 1.32),OR 0.70 (0.37 to 1.32),FALSE,Imprecise benefit direction,CI includes null,Critically low,Unclear,RESOLVED,[MESCLADO 2 p. 173],Imprecise observational estimate; perioperative management and surgical selection vary.,"Exact manuscript-ready estimate, comparator context, and PDF locator rechecked; residual flags reflected evidence heterogeneity/units/horizon rather than unresolved extraction."
E0095,Mixed/unseparated,Antiplatelet vs none/alternative,Postoperative antiplatelet therapy,No postoperative antiplatelet therapy,Early ischemic stroke,Mixed/unspecified follow-up,Mixed/unclear,R054 (2025),OR,OR 0.89 (0.49 to 1.63),OR 0.89 (0.49 to 1.63),FALSE,Imprecise benefit direction,CI includes null,Low,High,RESOLVED,[MESCLADO 3 p. 155],Observational treatment selection; patency is a surrogate and should not be equated with stroke prevention.,"Exact manuscript-ready estimate, comparator context, and PDF locator rechecked; residual flags reflected evidence heterogeneity/units/horizon rather than unresolved extraction."
E0191,Mixed/unseparated,Antiplatelet vs none/alternative,"Aspirin or other antiplatelet therapy, sometimes cilostazol.",No antiplatelet or alternative antiplatelet.,Late ischemic stroke,Late/long-term,Patient,R023 (2024),HR,HR 1.16 (0.30 to 4.47),HR 1.16 (0.30 to 4.47),FALSE,Imprecise harm direction,CI includes null,Low,High,NOT_REQUIRED,[MESCLADO 2 p. 26],Cannot replace revascularization or prove stroke-prevention efficacy from observational data. Potential thromboembolic protection versus hemorrhagic concern and confounding by indication.,
E0264,Mixed/unseparated,Antiplatelet vs none/alternative,Antiplatelet therapy,No antiplatelet therapy/usual care,Late ischemic stroke,Mixed/unspecified follow-up,Patient,R035 (2023),OR,OR 0.57 (0.49 to 0.65),OR 0.57 (0.49 to 0.65),FALSE,Precise benefit,CI excludes null,Critically low,Unclear,NOT_REQUIRED,"[MESCLADO 2 pp. 169, 173]",Observational confounding; unresolved total-N discrepancy; cannot replace revascularization evidence.,
E0208,Mixed/unseparated,Antiplatelet vs none/alternative,"Aspirin or other antiplatelet therapy, sometimes cilostazol.",No antiplatelet or alternative antiplatelet.,Late ischemic stroke,Not reported/not analytic,Mixed/unclear,R033 (2023),HR,HR 0.80 (0.33 to 1.94),HR 0.80 (0.33 to 1.94),FALSE,Imprecise benefit direction,CI includes null,Low,Unclear,RESOLVED,[MESCLADO 2 p. 138],Cannot replace revascularization or prove stroke-prevention efficacy from observational data. Potential thromboembolic protection versus hemorrhagic concern and confounding by indication.,"Exact manuscript-ready estimate, comparator context, and PDF locator rechecked; residual flags reflected evidence heterogeneity/units/horizon rather than unresolved extraction."
E0093,Mixed/unseparated,Antiplatelet vs none/alternative,Postoperative antiplatelet therapy,No postoperative antiplatelet therapy,TIA,Mixed/unspecified follow-up,Mixed/unclear,R054 (2025),OR,OR 0.55 (0.32 to 0.95),OR 0.55 (0.32 to 0.95),FALSE,Precise benefit,CI excludes null,Low,High,RESOLVED,[MESCLADO 3 p. 155],Observational treatment selection; patency is a surrogate and should not be equated with stroke prevention.,"Exact manuscript-ready estimate, comparator context, and PDF locator rechecked; residual flags reflected evidence heterogeneity/units/horizon rather than unresolved extraction."
E0097,Mixed/unseparated,Antiplatelet vs none/alternative,Postoperative antiplatelet therapy,No postoperative antiplatelet therapy,Late hemorrhage/rebleeding,Mixed/unspecified follow-up,Mixed/unclear,R054 (2025),OR,OR 0.69 (0.28 to 1.71),OR 0.69 (0.28 to 1.71),FALSE,Imprecise benefit direction,CI includes null,Low,High,RESOLVED,[MESCLADO 3 p. 155],Observational treatment selection; patency is a surrogate and should not be equated with stroke prevention.,"Exact manuscript-ready estimate, comparator context, and PDF locator rechecked; residual flags reflected evidence heterogeneity/units/horizon rather than unresolved extraction."
E0210,Mixed/unseparated,Antiplatelet vs none/alternative,"Aspirin or other antiplatelet therapy, sometimes cilostazol.",No antiplatelet or alternative antiplatelet.,Late hemorrhage/rebleeding,Not reported/not analytic,Mixed/unclear,R033 (2023),HR,HR 0.47 (0.24 to 0.94),HR 0.47 (0.24 to 0.94),FALSE,Precise benefit,CI excludes null,Low,Unclear,RESOLVED,[MESCLADO 2 p. 138],Cannot replace revascularization or prove stroke-prevention efficacy from observational data. Potential thromboembolic protection versus hemorrhagic concern and confounding by indication.,"Exact manuscript-ready estimate, comparator context, and PDF locator rechecked; residual flags reflected evidence heterogeneity/units/horizon rather than unresolved extraction."
E0265,Mixed/unseparated,Antiplatelet vs none/alternative,Antiplatelet therapy,No antiplatelet therapy/usual care,Favorable functional outcome,Mixed/unspecified follow-up,Patient,R035 (2023),WMD,WMD -0.07 (-0.14 to -0.00),WMD -0.07 (-0.14 to -0.00),FALSE,Borderline benefit direction (CI boundary at null),CI boundary rounds to null,Critically low,Unclear,RESOLVED,"[MESCLADO 2 pp. 169, 173]",Very small effect; observational data; clinical importance uncertain.,mRS is functional and lower is favorable. WMD −0.07 (−0.14 to −0.00) is retained exactly; the rounded CI reaches the null boundary.
E0094,Mixed/unseparated,Antiplatelet vs none/alternative,Postoperative antiplatelet therapy,No postoperative antiplatelet therapy,Favorable functional outcome,Mixed/unspecified follow-up,Mixed/unclear,R054 (2025),OR,OR 1.88 (1.29 to 2.74),OR 1.88 (1.29 to 2.74),FALSE,Precise benefit,CI excludes null,Low,High,RESOLVED,[MESCLADO 3 p. 155],Observational treatment selection; patency is a surrogate and should not be equated with stroke prevention.,"Exact manuscript-ready estimate, comparator context, and PDF locator rechecked; residual flags reflected evidence heterogeneity/units/horizon rather than unresolved extraction."
E0096,Mixed/unseparated,Antiplatelet vs none/alternative,Postoperative antiplatelet therapy,No postoperative antiplatelet therapy,Postoperative seizure,Mixed/unspecified follow-up,Mixed/unclear,R054 (2025),OR,OR 1.43 (0.61 to 3.37),OR 1.43 (0.61 to 3.37),FALSE,Imprecise harm direction,CI includes null,Low,High,RESOLVED,[MESCLADO 3 p. 155],Observational treatment selection; patency is a surrogate and should not be equated with stroke prevention.,"Exact manuscript-ready estimate, comparator context, and PDF locator rechecked; residual flags reflected evidence heterogeneity/units/horizon rather than unresolved extraction."
E0243,Mixed/unseparated,Antiplatelet vs none/alternative,"Aspirin or other antiplatelet therapy, sometimes cilostazol.",No antiplatelet or alternative antiplatelet.,Bypass patency/capacity,Late/long-term,Mixed/unclear,R054 (2025),OR,OR 2.58 (1.51 to 4.43),OR 2.58 (1.51 to 4.43),FALSE,Precise benefit,CI excludes null,Low,High,RESOLVED,[MESCLADO 3 p. 158],Cannot replace revascularization or prove stroke-prevention efficacy from observational data. Potential thromboembolic protection versus hemorrhagic concern and confounding by indication.,"Exact manuscript-ready estimate, comparator context, and PDF locator rechecked; residual flags reflected evidence heterogeneity/units/horizon rather than unresolved extraction."
E0209,Mixed/unseparated,Antiplatelet vs none/alternative,"Aspirin or other antiplatelet therapy, sometimes cilostazol.",No antiplatelet or alternative antiplatelet.,Bypass patency/capacity,Not reported/not analytic,Mixed/unclear,R033 (2023),HR,HR 1.57 (1.11 to 2.23),HR 1.57 (1.11 to 2.23),FALSE,Precise benefit,CI excludes null,Low,Unclear,RESOLVED,[MESCLADO 2 p. 138],Cannot replace revascularization or prove stroke-prevention efficacy from observational data. Potential thromboembolic protection versus hemorrhagic concern and confounding by indication.,"Exact manuscript-ready estimate, comparator context, and PDF locator rechecked; residual flags reflected evidence heterogeneity/units/horizon rather than unresolved extraction."
E0277,Mixed/unseparated,Inhalational vs intravenous anesthesia,Inhalational anesthesia,Intravenous anesthesia,Early ischemic stroke,Early/perioperative,Procedure,R017 (2026),OR,OR 1.05 (0.50 to 2.17),OR 1.05 (0.50 to 2.17),FALSE,Imprecise harm direction,CI includes null,Low,Unclear,RESOLVED,[MESCLADO 1 p. 185],Cannot claim equal benefit in ischemic-onset disease when subgroup estimates are imprecise/heterogeneous. Perioperative stroke/hemorrhage versus delayed reduction in recurrent events.,Review title/abstract and methods explicitly define inhalational anesthesia as intervention and intravenous anesthesia as control; inherited surgical comparator text is rejected.
E0178,Mixed/unseparated,Inhalational vs intravenous anesthesia,Inhalational anesthesia,Intravenous anesthesia,TIA,Early/perioperative,Procedure,R017 (2026),OR,OR 0.87 (0.55 to 1.38),OR 0.87 (0.55 to 1.38),FALSE,Imprecise benefit direction,CI includes null,Low,Unclear,RESOLVED,[MESCLADO 1 p. 185],Cannot claim equal benefit in ischemic-onset disease when subgroup estimates are imprecise/heterogeneous. Perioperative stroke/hemorrhage versus delayed reduction in recurrent events.,Review title/abstract and methods explicitly define inhalational anesthesia as intervention and intravenous anesthesia as control; inherited surgical comparator text is rejected.
E0262,Mixed/unseparated,Remote ischemic conditioning vs control,"Remote ischemic pre-, per- or post-conditioning.",Sham/usual care.,Late ischemic stroke,Mixed/unspecified follow-up,Patient,R074 (2026),OR,OR 0.22 (0.07 to 0.67),OR 0.22 (0.07 to 0.67),FALSE,Precise benefit,CI excludes null,Low,Unclear,RESOLVED,[MESCLADO 4 p. 104],"Cannot replace revascularization or establish effects on TIA/CHS/seizure from imprecise estimates. Low-burden adjunct versus small trials, protocol heterogeneity and uncertain durability.","Exact manuscript-ready estimate, comparator context, and PDF locator rechecked; residual flags reflected evidence heterogeneity/units/horizon rather than unresolved extraction."
E0149,Mixed/unseparated,Remote ischemic conditioning vs control,Remote ischemic conditioning,Control/sham/usual care,TIA,Mixed/unspecified follow-up,Patient,R074 (2026),OR,OR 0.73 (0.36 to 1.47),OR 0.73 (0.36 to 1.47),FALSE,Imprecise benefit direction,CI includes null,Low,Unclear,NOT_REQUIRED,[MESCLADO 4 p. 104],Small number of RCTs and outcome-specific sample sizes; regimen and timing vary.,
E0150,Mixed/unseparated,Remote ischemic conditioning vs control,Remote ischemic conditioning,Control/sham/usual care,Hyperperfusion syndrome,Mixed/unspecified follow-up,Patient,R074 (2026),OR,OR 0.28 (0.07 to 1.12),OR 0.28 (0.07 to 1.12),FALSE,Imprecise benefit direction,CI includes null,Low,Unclear,NOT_REQUIRED,[MESCLADO 4 p. 104],Small number of RCTs and outcome-specific sample sizes; regimen and timing vary.,
E0151,Mixed/unseparated,Remote ischemic conditioning vs control,Remote ischemic conditioning,Control/sham/usual care,Postoperative seizure,Mixed/unspecified follow-up,Patient,R074 (2026),OR,OR 0.26 (0.04 to 1.62),OR 0.26 (0.04 to 1.62),FALSE,Imprecise benefit direction,CI includes null,Low,Unclear,NOT_REQUIRED,[MESCLADO 4 p. 104],Small number of RCTs and outcome-specific sample sizes; regimen and timing vary.,
E0038,Mixed/unseparated,Adult direct/combined vs indirect,Direct/combined bypass,Indirect bypass,Any/recurrent stroke,Mixed/unspecified follow-up,Patient,R029 (2019),OR,OR 0.49 (0.32 to 0.76),OR 2.03 (1.32 to 3.13),TRUE,Precise benefit,CI excludes null,Critically low,High,RESOLVED,[MESCLADO 2 p. 109],Direction depends on event/non-event coding; preserve the authors’ interpretation.,Source discussion states higher recurrent/secondary stroke with indirect surgery; OR 2.03 is indirect versus direct/direct+combined and is reciprocated for canonical display.
E0202,Pediatric mixed MMD/MMS,Pediatric direct/combined vs indirect,Direct/combined bypass,Indirect bypass,TIA,Early/perioperative,Hemisphere,R028 (2023),RR,RR 0.64 (0.38 to 1.10),RR 0.64 (0.38 to 1.10),FALSE,Imprecise benefit direction,CI includes null,Low,Unclear,RESOLVED,[MESCLADO 2 p. 98],"Cannot declare a universal best technique across ages, vessel size, MMS etiology and outcomes. Technical vessel limitations and perioperative risk versus delayed collateralization and possible late failure.",Pediatric meta-analysis explicitly compares perioperative TIA for direct/combined versus indirect; CI includes null.
E0200,Pediatric mixed MMD/MMS,Pediatric direct/combined vs indirect,Direct/combined bypass,Indirect bypass,Matsushima/collateralization,Not reported/not analytic,Hemisphere,R028 (2023),RR,RR 1.12 (1.02 to 1.24),RR 1.12 (1.02 to 1.24),FALSE,Precise benefit,CI excludes null,Low,Unclear,RESOLVED,[MESCLADO 2 p. 90],"Cannot declare a universal best technique across ages, vessel size, MMS etiology and outcomes. Technical vessel limitations and perioperative risk versus delayed collateralization and possible late failure.",Pediatric meta-analysis explicitly reports Matsushima A/B for direct/combined versus indirect; angiographic surrogate only.
