Review ID,Screening ID,Title,Authors,Year,Journal,Tier,Evidence domain,Review type,Population,MMD/MMS status,Clinical presentation,Intervention,Comparator,Studies/reports,Patients,Hemispheres,Procedures/bypasses,Final search date,Meta-analysis performed,Master AMSTAR 2 overall,Master ROBIS overall,Outcome-table readiness
R011,MOY-0155,"Risk of post-revascularization stroke in Moyamoya disease: A systematic review, meta-analysis, and meta-regression",Bryan Gervais de Liyis · Arnau Benet · Muhammad Kusdiansah · Muhammad Hafif · Chanon Ariyaprakai · Juan Carlos Gomez-Vega · Nuno Cubas Farinha · Juan Kevan Sham · Ronie Romelean Jayapalan · Jared Paul Golidtum · Dibya Jyoti Mahakul · Michael Joseph Lang · Abrar Arham · Nakao Ota · Rokuya Tanikawa,2026,Neurosurgical Review,Tier 1 core,General revascularization/technique comparison,Systematic review and meta-analysis,MMD patients undergoing revascularization; age-stratified in some reviews. [MESCLADO 1 p. 130],MMD-focused; MMS inclusion varies. [MESCLADO 1 p. 130],"Mixed, often enriched for preoperative ischemia. [MESCLADO 1 p. 130]","Direct, indirect or combined revascularization. [MESCLADO 1 p. 130]",Risk-factor strata and/or bypass types. [MESCLADO 1 p. 130],26 [MESCLADO 1 p. 130],NR,NR,NR,search of databases was performed through October 2025 [MESCLADO 1 p. 130],Yes [MESCLADO 1 p. 130],Critically low,High,Frozen for core evidence table; use only linked effects marked manuscript-ready.
R017,MOY-0072,Effects of intraoperative inhalational versus intravenous anesthesia on perioperative neurological outcomes and long-term prognosis in patients with moyamoya disease undergoing revascularization surgery: a systematic review and meta-analysis,Mengting Hu and Ye Ma,2026,BMC Anesthesiology,Tier 1 core,Perioperative safety/risk,Systematic review and meta-analysis,"Adults with symptomatic MMD, stratified where possible by ischemic versus hemorrhagic presentation. [MESCLADO 1 p. 185]",Predominantly idiopathic MMD; MMS often excluded. [MESCLADO 1 p. 185],Symptomatic ischemic and hemorrhagic. [MESCLADO 1 p. 185],"Direct, indirect or combined bypass. [MESCLADO 1 p. 185]",Conservative/medical treatment. [MESCLADO 1 p. 185],11 (6 core quantitative) [MESCLADO 1 p. 185],"1,673 [MESCLADO 1 p. 185]",NR,"2,232 [MESCLADO 1 p. 185]","searched PubMed, Embase, Cochrane Library, and Web of Science from database inception to April 2026 [MESCLADO 1 p. 185]",Yes [MESCLADO 1 p. 185],Low,Unclear,Frozen for core evidence table; use only linked effects marked manuscript-ready.
R034,MOY-0137,"Postoperative seizure, stroke, hemorrhage, and cerebral hyperperfusion syndrome rates in adult patients with moyamoya disease undergoing revascularization: a systematic review and proportional meta-analysis",Sara Luck · Danielle Golub · Hayley Donaldson · Parsa Nilchian · Stephanie Hsu · Andrew Garton · Amir R. Dehdashti · Philip E. Stieg,2026,Neurosurgical Review,Tier 1 core,Perioperative safety/risk,Systematic review and meta-analysis,MMD patients after direct/combined revascularization; some prevention reviews include other bypass indications. [MESCLADO 2 p. 148],MMD-focused or mixed bypass populations with variable separability. [MESCLADO 2 p. 148],Postoperative complication risk. [MESCLADO 2 p. 148],Bypass type and preventive pharmacologic/hemodynamic strategies. [MESCLADO 2 p. 148],"Age, bypass type, blood-pressure control and adjunctive regimens. [MESCLADO 2 p. 148]",NR,NR,NR,NR,"search was completed on June 18, 2025 [MESCLADO 2 p. 150]",Yes [MESCLADO 2 p. 148],Low,Unclear,Frozen for core evidence table; use only linked effects marked manuscript-ready.
R039,MOY-0100,Incidence of cerebral hyperperfusion syndrome following revascularization surgery in moyamoya patients: a systematic review and meta-analysis,Mohammad Ali Momeni · Fatemeh Esmaeilpur Abianeh · Mohammad Javad Amini · Seyyed Amirhossein Salehi · Hamed Hajishah · Parsa Razmara · Arman Shafiee · Razman Arabzadeh Bahri,2026,Neurosurgical Review,Tier 1 core,Perioperative safety/risk,Systematic review and meta-analysis,MMD patients after direct/combined revascularization; some prevention reviews include other bypass indications. [MESCLADO 2 p. 206],MMD-focused or mixed bypass populations with variable separability. [MESCLADO 2 p. 206],Postoperative complication risk. [MESCLADO 2 p. 206],Bypass type and preventive pharmacologic/hemodynamic strategies. [MESCLADO 2 p. 206],"Age, bypass type, blood-pressure control and adjunctive regimens. [MESCLADO 2 p. 206]",23 [MESCLADO 2 p. 206],"2,083 [MESCLADO 2 p. 206]",NR,NR,"until October 6th, 2024 [MESCLADO 2 p. 206]",Yes [MESCLADO 2 p. 206],Critically low,High,Frozen for core evidence table; use only linked effects marked manuscript-ready.
R060,MOY-0020,Angiographic outcomes after indirect revascularization in pediatric Moyamoya disease: a systematic review and meta-analysis,Albert Gabriel Turpo-Peqqueña · Lucia Fernanda Del Carpio-Velásquez · Francisco Martins Lamas · Victoria Elena Quispe-Pastor · Karen Veronica Quintanilla-Apaza · Diego Fernando Muñoz-Cervantes · Mayra Alejandra Quispe-Díaz · Pierina Valeria Bermejo-Rosado · Ariana Solange Rodriguez-Valenzuela · Josue Rodrigo Turpo-Peqqueña · Évrard Pérès · Juan Pedro Murillo Gutierrez · Julian Alejandro Rivillas · Richard Hernández Mayori,2026,Neurosurgical Review,Tier 1 core,Angiography/hemodynamics/monitoring,Systematic review and meta-analysis,"Children with MMD/MMS undergoing direct, indirect or combined revascularization; selected reviews focus on epilepsy. [MESCLADO 3 p. 212]",Mixed MMD/MMS unless explicitly restricted. [MESCLADO 3 p. 212],Predominantly ischemic; epilepsy/seizure subgroup in selected reviews. [MESCLADO 3 p. 212],"Indirect, direct or combined revascularization and subtécnicas. [MESCLADO 3 p. 212]",Technique groups or pooled single-arm outcomes. [MESCLADO 3 p. 212],17 [MESCLADO 3 p. 212],NR,"1,360 [MESCLADO 3 p. 212]",NR,"Search strategy A systematic and comprehensive search was performed in six electronic databases: PubMed, Embase, Scopus, Web of Science, CENTRAL (Cochrane Library) and Google Scholar, up to February 20, 2025 [MESCLADO 3 p. 213]",Yes [MESCLADO 3 p. 212],Low,Unclear,Frozen for core evidence table; use only linked effects marked manuscript-ready.
R061,MOY-0120,Moyamoya disease in Latin America: A systematic literature review with an illustrative case,"Fritz Fidel Váscones-Román , Brigith Avila-Lucas , Marcelo Barriga , Martin Hemeryth-Rengifo , Niels Pacheco-Barrios , Luis Felipe Macha-Quillama , Frank Solis",2026,Surgical Neurology International,Tier 2 contextual,General revascularization/technique comparison,Systematic review + institutional/illustrative component (hybrid report),"MMD/MMA cases from an under-represented region, often with an illustrative institutional case. [MESCLADO 4 p. 1]",MMD/MMS definitions vary across decades. [MESCLADO 4 p. 1],"Region-specific case mix, commonly ischemic. [MESCLADO 4 p. 1]","Medical and surgical management, mainly indirect revascularization in reported cases. [MESCLADO 4 p. 1]","Descriptive, no reliable concurrent comparator. [MESCLADO 4 p. 1]",21 [MESCLADO 4 p. 1],47 in abstract versus 32 in Results (internal discrepancy) [MESCLADO 4 p. 1],NR,NR,NR,Yes [MESCLADO 4 p. 1],Critically low,Unclear,Frozen for contextual formal evidence/evidence map.
R074,MOY-0074,Efficacy of Remote Ischemic Conditioning for Moyamoya Disease: A Meta-Analysis of Randomized Controlled Trials,"Xiaohong Zheng | Hongliang Liu | Jing Zheng | Xiaojie Li | Yanmei Zu | Tianqi Zhou | Dongmei Li | Jianmin Liu | Li Xu 1Neurovascular Center, Changhai Hospital, Naval Medical University, Shanghai, China | 2Hemodialysis Room, Shibei Hospital, Shanghai, China Correspondence: Dongmei Li (dongmeili_cn@126.com) | Jianmin Liu (chstroke@163.com) | Li Xu (connorxu@126.com)",2026,Acta Neurologica Scandinavica,Tier 1 core,Medical/perioperative adjunct,Systematic review and meta-analysis,MMD patients in randomized trials receiving remote ischemic conditioning. [MESCLADO 4 p. 104],MMD-focused. [MESCLADO 4 p. 104],Symptomatic/perioperative or chronic ischemic risk. [MESCLADO 4 p. 104],"Remote ischemic pre-, per- or post-conditioning. [MESCLADO 4 p. 104]",Sham/usual care. [MESCLADO 4 p. 104],4 RCTs [MESCLADO 4 p. 104],Outcome-specific N: 152–228 [MESCLADO 4 p. 104],NR,NR,"searched from database inception to May 8, 2026 [MESCLADO 4 p. 104]",Yes [MESCLADO 4 p. 104],Low,Unclear,Frozen for core evidence table; use only linked effects marked manuscript-ready.
R003,MOY-0187,Ultrasonographic assessment of bypass capacity after revascularization surgery in moyamoya disease: a systematic review and single-arm meta-analysis,Natalia Anna Koc · Maurycy Rakowski · Samuel D. Pettersson · Paulina Skrzypkowska · Tomasz Szmuda · Piotr Zieliński,2025,Acta Neurochirurgica,Tier 1 core,Angiography/hemodynamics/monitoring,Systematic review and single-arm/proportional meta-analysis,Post-revascularization MMD patients; mixed ages and direct/indirect/combined procedures. [MESCLADO 1 p. 25],MMD-focused. [MESCLADO 1 p. 25],NR/mixed symptomatic disease. [MESCLADO 1 p. 25],Ultrasonographic surveillance of STA/bypass capacity after revascularization. [MESCLADO 1 p. 25],"Time points, high- versus low-capacity bypass, and/or angiographic reference standards. [MESCLADO 1 p. 25]",8 [MESCLADO 1 p. 25],264 [MESCLADO 1 p. 25],301 [MESCLADO 1 p. 25],NR,"from inception to November 6, 2024 [MESCLADO 1 p. 26]",No [MESCLADO 1 p. 25],Low,High,Frozen for core evidence table; use only linked effects marked manuscript-ready.
R007,MOY-0045,Clinical and radiological course of asymptomatic and hemodynamically stable moyamoya disease: a systematic review and meta-analysis,Yang Chen; Zixuan Zhou; Bingyang Qin; Yan Liang; Peize Li; Ziao Li; Yu Chen; Ren Li; Biao Yang; Xiaogang Wang; Yongqiang Wu; Xiaolong Guo; Huidong Zhang; Geng Guo,2025,Frontiers in Neurology,Tier 2 contextual,Natural history/progression,Systematic review and meta-analysis,Asymptomatic/hemodynamically stable MMD or cohorts evaluated for disease progression. [MESCLADO 1 p. 64],MMD with variable inclusion of unilateral disease/MMS. [MESCLADO 1 p. 64],Asymptomatic or clinically stable; progression outcomes. [MESCLADO 1 p. 64],Observation/monitoring; surgery may appear as subsequent treatment. [MESCLADO 1 p. 64],Risk-factor strata or baseline phenotypes. [MESCLADO 1 p. 64],7 [MESCLADO 1 p. 64],393 [MESCLADO 1 p. 64],649 [MESCLADO 1 p. 64],NR,between studies was estimated via the I2 test. Publication bias was assessed with Egger’s test. The registration code is CRD42023 [MESCLADO 1 p. 64],Yes [MESCLADO 1 p. 64],Low,High,Frozen for contextual formal evidence/evidence map.
R010,MOY-0073,Efficacy of double anastomosis STA-MCA bypass in adult Moyamoya disease and cerebral atherosclerosis disease: a systematic review and meta-analysis,Bryan Gervais de Liyis · Muhammad Kusdiansah · Affan Priyambodo Permana · Made Gemma Daniswara Maliawan · I Wayan Niryana · Arnau Benet · Rokuya Tanikawa,2025,Neurosurgical Review,Tier 1 core,Technique-specific/failure,Systematic review and meta-analysis,Patients undergoing double-barrel/double-anastomosis STA-MCA bypass; some reviews include non-MMD occlusive disease. [MESCLADO 1 p. 115],MMD subgroup may be separable; broad reviews require caution. [MESCLADO 1 p. 115],Predominantly ischemic/hemodynamic compromise. [MESCLADO 1 p. 115],Two-anastomosis STA-MCA bypass. [MESCLADO 1 p. 115],Single anastomosis or no direct comparator; often single-arm. [MESCLADO 1 p. 115],15 [MESCLADO 1 p. 115],417 [MESCLADO 1 p. 115],NR,NR,"search was conducted in ScienceDirect, Embase, PubMed, and Cochrane databases until September 2024 [MESCLADO 1 p. 115]",Yes [MESCLADO 1 p. 115],Critically low,Unclear,Frozen for core evidence table; use only linked effects marked manuscript-ready.
R040,MOY-0163,Short Stature in Moyamoya Disease: A Systematic Review of Potential Mechanisms and Clinical Outcomes,"Abdallah M. Mujbel ,1 Lea Nohra ,2 Haidar Karrar T. Sabih,3 and Rania H. Al-Taie 1 1College of Medicine, Mustansiriyah University, Baghdad, Iraq 2Faculty of Medical Science, Lebanese University, Beirut, Lebanon 3Al Iraqia University College of Medicine, Baghdad, Iraq Correspondence should be addressed to Lea Nohra; lea.nohra@gmail.com",2025,Short Stature Research and Treatment,Tier 2 contextual,MMS/special etiologic phenotype,Systematic review,Published MMD/MMS cases with short stature or growth disorders. [MESCLADO 2 p. 218],Mixed idiopathic and syndromic disease. [MESCLADO 2 p. 218],Neurological events often after growth failure. [MESCLADO 2 p. 218],Descriptive medical/surgical treatment. [MESCLADO 2 p. 218],None. [MESCLADO 2 p. 218],25 [MESCLADO 2 p. 218],30 [MESCLADO 2 p. 218],NR,NR,NR,No [MESCLADO 2 p. 218],Critically low,Unclear,Frozen for contextual formal evidence/evidence map.
R054,MOY-0034,Benefits and risks of antiplatelet therapy after bypass surgery for moyamoya disease: A meta-analysis,"Junchen Si 1, Xiaokui Kang 1, Zhongchen Li , Jiheng Hao , Liyong Zhang *",2025,Journal of Clinical Neuroscience,Tier 1 core,Medical/perioperative adjunct,Systematic review and meta-analysis,"MMD patients receiving antiplatelet therapy, including nonsurgical and post-bypass settings. [MESCLADO 3 p. 155]",MMD; MMS sometimes excluded. [MESCLADO 3 p. 155],Mostly ischemic/mixed. [MESCLADO 3 p. 155],"Aspirin or other antiplatelet therapy, sometimes cilostazol. [MESCLADO 3 p. 155]",No antiplatelet or alternative antiplatelet. [MESCLADO 3 p. 155],5 [MESCLADO 3 p. 155],903 (480 APT; 423 no APT) [MESCLADO 3 p. 155],NR,NR,"searched from their inception to September 1, 2023 [MESCLADO 3 p. 155]",Yes [MESCLADO 3 p. 155],Low,High,Frozen for core evidence table; use only linked effects marked manuscript-ready.
R062,MOY-0102,"Intersecting Pathways: Moyamoya Syndrome and Antiphospholipid Antibodies-A Comprehensive Review of Clinical Insights, Therapeutic Considerations and Prospective Perspectives",İbrahim Vasi; Rıza Can Kardaş; Kaan Talay; Derya Yıldırım; Burcugül Kaya; Rahime Duran; Hamit Küçük; Berna Göker; Mehmet Akif Öztürk; Abdulsamet Erden,2025,Acta Neurologica Scandinavica,Tier 2 contextual,MMS/special etiologic phenotype,Review,MMS with autoimmune disease or antiphospholipid antibody/APS positivity. [MESCLADO 4 p. 14],Secondary MMS/autoimmune-associated vasculopathy. [MESCLADO 4 p. 14],Predominantly ischemic stroke; hemorrhagic risk relevant with antithrombotics. [MESCLADO 4 p. 14],Medical immunologic/antithrombotic therapy and revascularization. [MESCLADO 4 p. 14],Descriptive treatment groups; strong selection bias. [MESCLADO 4 p. 14],Case-based comprehensive review [MESCLADO 4 p. 14],12 cases with extractable cardiovascular-risk-factor data; total denominator NR [MESCLADO 4 p. 14],NR,NR,search was conducted up to December 2024 [MESCLADO 4 p. 15],No [MESCLADO 4 p. 14],Critically low,High,Frozen for contextual formal evidence/evidence map.
R067,MOY-0151,Risk factors for perioperative cerebral infarction in moyamoya disease: a meta-analysis,Jincan Wu; Shiju Li; Ruixin Liang; Yanxu Wang; Fangyuan Shi; Xiaoming Pan; Xinyi Chen,2025,Frontiers in Neurology,Tier 1 core,Perioperative safety/risk,Systematic review and meta-analysis,MMD patients undergoing revascularization; age-stratified in some reviews. [MESCLADO 4 p. 49],MMD-focused; MMS inclusion varies. [MESCLADO 4 p. 49],"Mixed, often enriched for preoperative ischemia. [MESCLADO 4 p. 49]","Direct, indirect or combined revascularization. [MESCLADO 4 p. 49]",Risk-factor strata and/or bypass types. [MESCLADO 4 p. 49],10 retrospective cohorts [MESCLADO 4 p. 49],"3,239 [MESCLADO 4 p. 49]",NR,NR,"searched for case–control/cohort studies on risk factors for the emergence of cerebral infarction perioperative moyamoya disease, the search was done from the database creation to June 1, 2024 [MESCLADO 4 p. 49]",Yes [MESCLADO 4 p. 49],Critically low,Unclear,Frozen for core evidence table; use only linked effects marked manuscript-ready.
R004,MOY-0057,Complications associated with combined direct and indirect bypass in Moyamoya Disease: A meta-analysis,Sávio Batista · Stefan Koester · Anthony E. Bishay · Raphael Bertani · Dan Zimelewicz Oberman · Livia V. de Abreu · Jhon E. Bocanegra‑Becerra · Dillan Amaral · Albert M. Isaacs · Michael Dewan · Eberval Gadelha Figueiredo‬3,2024,Neurosurgical Review,Tier 1 core,Perioperative safety/risk,Systematic review and meta-analysis,Adults and children undergoing combined direct-indirect revascularization for MMD. [MESCLADO 1 p. 39],Predominantly MMD; separability of MMS varies by primary study. [MESCLADO 1 p. 39],Mixed ischemic/hemorrhagic. [MESCLADO 1 p. 39],Combined bypass. [MESCLADO 1 p. 39],Adult versus pediatric strata; largely single-arm rates rather than technique-randomized comparisons. [MESCLADO 1 p. 39],18 [MESCLADO 1 p. 39],"1,151 [MESCLADO 1 p. 39]",NR,NR,"search terms were queried using PUBMED, Cochrane Library, Web of Science, and CINAHL from January 1, 1980 [MESCLADO 1 p. 40]",Yes [MESCLADO 1 p. 39],Critically low,Unclear,Frozen for core evidence table; use only linked effects marked manuscript-ready.
R008,MOY-0014,A systematic review of etiopathogenesis and treatment modalities for Moyamoya disease,Ganesh Chilukuri; Amba Viswanathan; Amy Job; additional authors as listed in the preprint,2024,medRxiv,Tier 2 contextual,General revascularization/technique comparison,Systematic review,Broad MMD literature across ages and presentations. [MESCLADO 1 p. 76],Primarily MMD; MMS handling variably defined. [MESCLADO 1 p. 76],Mixed. [MESCLADO 1 p. 76],Medical and surgical modalities broadly reviewed. [MESCLADO 1 p. 76],Heterogeneous/NR. [MESCLADO 1 p. 76],NR,NR,NR,NR,"search articles published between January 01, 2018 [MESCLADO 1 p. 81]",No [MESCLADO 1 p. 76],Low,High,Frozen for contextual formal evidence/evidence map.
R013,MOY-0133,Oxygen extraction fraction (OEF) values and applications in neurological diseases,Joshua Engle · Parastoo Saberi · Paul Bain · Asad Ikram · Magdy Selim · Salil Soman,2024,Neurological Sciences,Tier 2 contextual,Angiography/hemodynamics/monitoring,Systematic review,Neurological disease cohorts with a separable MMD OEF subset. [MESCLADO 1 p. 151],MMD is one subgroup within a broader review. [MESCLADO 1 p. 151],Hemodynamic compromise; clinical phenotype variably reported. [MESCLADO 1 p. 151],Measurement/monitoring rather than a treatment comparison. [MESCLADO 1 p. 151],Healthy controls or other diseases/imaging methods. [MESCLADO 1 p. 151],NR,Moyamoya/OEF subset not consistently separable [MESCLADO 1 p. 151],NR,NR,between 1979 [MESCLADO 1 p. 152],Yes [MESCLADO 1 p. 151],Critically low,High,Frozen for contextual formal evidence/evidence map.
R020,MOY-0117,Moyamoya Angiopathy in Southeast Asians: Systematic review of literature with an illustrative case,Alfeo Julius R. Sy; Lindt Camille O. Alba; Marc Conrad C. Molina,2024,Philippine Journal of Health Research and Development,Tier 2 contextual,General revascularization/technique comparison,Systematic review + institutional/illustrative component (hybrid report),"MMD/MMA cases from an under-represented region, often with an illustrative institutional case. [MESCLADO 1 p. 216]",MMD/MMS definitions vary across decades. [MESCLADO 1 p. 216],"Region-specific case mix, commonly ischemic. [MESCLADO 1 p. 216]","Medical and surgical management, mainly indirect revascularization in reported cases. [MESCLADO 1 p. 216]","Descriptive, no reliable concurrent comparator. [MESCLADO 1 p. 216]",23 [MESCLADO 1 p. 216],37 [MESCLADO 1 p. 216],NR,NR,"search on MMA in the Southeast Asian population was performed via PubMed, Scopus, and Wiley Online Library, including local journals and databases up until May 2024 [MESCLADO 1 p. 216]",No [MESCLADO 1 p. 216],Critically low,High,Frozen for contextual formal evidence/evidence map.
R023,MOY-0023,Antiplatelet Treatment in Moyamoya Disease: A Systematic Review,Naruchorn Kijpaisalratana; Chanon Ariyaprakai; Kitiporn Sriamornrattanakul; Somkiat Wongsuriyanan; Nasaeng Akharathammachote; Paweena Susantitaphong; Nijasri C. Suwanwela,2024,Cerebrovascular Diseases Extra,Tier 1 core,Medical/perioperative adjunct,Systematic review,"MMD patients receiving antiplatelet therapy, including nonsurgical and post-bypass settings. [MESCLADO 2 p. 24]",MMD; MMS sometimes excluded. [MESCLADO 2 p. 24],Mostly ischemic/mixed. [MESCLADO 2 p. 24],"Aspirin or other antiplatelet therapy, sometimes cilostazol. [MESCLADO 2 p. 24]",No antiplatelet or alternative antiplatelet. [MESCLADO 2 p. 24],8 [MESCLADO 2 p. 24],NR,NR,NR,"Search Systematic literature searches were carried out on PubMed, Embase, Scopus, and the Cochrane Library from the inception date to February 2022 [MESCLADO 2 p. 25]",No [MESCLADO 2 p. 24],Low,High,Frozen for core evidence table; use only linked effects marked manuscript-ready.
R043,MOY-0166,STA-MCA Double-Barrel Bypass: A Systematic Review of Technique and Single-Arm Meta-Analysis of Outcomes,Leonardo B. Oliveira · Pedro Henrique Cieslak · Marcio Yuri Ferreira · Cassiano K. Fuziki · Italo C. Martins · Gabriel Semione · Guilherme Nunes Marques · Lucca B. Palavani · Sávio Batista · Nicollas Nunes Rabelo · Stefan W. Koester · Raphael Bertani · Leonardo C. Welling · Michael T. Lawton · Eberval Gadelha Figueiredo,2024,Neurosurgical Review,Tier 1 core,Technique-specific/failure,Systematic review and single-arm/proportional meta-analysis,Patients undergoing double-barrel/double-anastomosis STA-MCA bypass; some reviews include non-MMD occlusive disease. [MESCLADO 3 p. 18],MMD subgroup may be separable; broad reviews require caution. [MESCLADO 3 p. 18],Predominantly ischemic/hemodynamic compromise. [MESCLADO 3 p. 18],Two-anastomosis STA-MCA bypass. [MESCLADO 3 p. 18],Single anastomosis or no direct comparator; often single-arm. [MESCLADO 3 p. 18],34 [MESCLADO 3 p. 18],408 [MESCLADO 3 p. 18],NR,534 bypasses [MESCLADO 3 p. 18],"between patient number and etiology was available for 80.8% of the patients, as Kan et al. [3] (2021 [MESCLADO 3 p. 20]",Yes [MESCLADO 3 p. 18],Critically low,High,Frozen for core evidence table; use only linked effects marked manuscript-ready.
R057,MOY-0054,Coexistence of moyamoya syndrome with arteriovenous malformation. Systematic review and illustrative case report,"Artem Stanishevskiy,*,1, Konstantin Babichev,2, Dmitriy Svistov,3, Alexander Savello,4, Arevik Abramyan,5, Bogdan Zelenskiy,6 A R T I C L E I N F O",2024,Journal of Clinical Neuroscience,Tier 2 contextual,MMS/special etiologic phenotype,Systematic review + institutional/illustrative component (hybrid report),"Rare coexistence of MMS/MMD and cerebral AVM, plus illustrative case. [MESCLADO 3 p. 185]",MMS/MMD with AVM. [MESCLADO 3 p. 185],"Hemorrhage, ischemia or incidental lesions. [MESCLADO 3 p. 185]",AVM surgery/radiosurgery and/or revascularization. [MESCLADO 3 p. 185],None. [MESCLADO 3 p. 185],36 papers + illustrative case [MESCLADO 3 p. 185],Case-based AVM–MMS literature; denominator NR here [MESCLADO 3 p. 185],NR,NR,NR,No [MESCLADO 3 p. 185],Critically low,High,Frozen for contextual formal evidence/evidence map.
R001,MOY-0043,"Cilostazol for the management of moyamoya disease: a systematic review of the early evidence, efficacy, safety, and future directions","Aidin Abedi, MD,1,2 Saman Sizdahkhani, MD,2 Wooseong Choi, BS,2 Vincent N. Nguyen, MD,2 Robert C. Rennert, MD,2 and Jonathan J. Russin, MD",2023,Neurosurgical Focus,Tier 1 core,Medical/perioperative adjunct,Systematic review,Patients with MMD receiving cilostazol; evidence predominantly East Asian and nonrandomized. [MESCLADO 1 p. 1],"MMD; MMS not a central, separately analyzed population. [MESCLADO 1 p. 1]","Mixed/NR; ischemic symptoms, mortality, CBF and cognition emphasized. [MESCLADO 1 p. 1]",Cilostazol (medical management or perioperative adjunct). [MESCLADO 1 p. 1],Other antiplatelets or no/alternative treatment; heterogeneous across studies. [MESCLADO 1 p. 1],5 [MESCLADO 1 p. 1],NR (MMD-specific denominator varies by outcome) [MESCLADO 1 p. 1],NR,NR,search of the PubMed data- base was conducted in June 2023 [MESCLADO 1 p. 1],No [MESCLADO 1 p. 1],Critically low,High,Frozen for core evidence table; use only linked effects marked manuscript-ready.
R006,MOY-0138,Potential predictors for progression of moyamoya disease: A systematic review and meta-analysis,Jun Cao; Zixuan Xing; Ling Dai; Tao Wang; Yuhai Zhang; Yao Feng; Yanfei Chen,2023,Frontiers in Neurology,Tier 2 contextual,Natural history/progression,Systematic review and meta-analysis,Asymptomatic/hemodynamically stable MMD or cohorts evaluated for disease progression. [MESCLADO 1 p. 56],MMD with variable inclusion of unilateral disease/MMS. [MESCLADO 1 p. 56],Asymptomatic or clinically stable; progression outcomes. [MESCLADO 1 p. 56],Observation/monitoring; surgery may appear as subsequent treatment. [MESCLADO 1 p. 56],Risk-factor strata or baseline phenotypes. [MESCLADO 1 p. 56],12 [MESCLADO 1 p. 56],842 [MESCLADO 1 p. 56],NR,NR,between 1994 [MESCLADO 1 p. 58],Yes [MESCLADO 1 p. 56],Critically low,Unclear,Frozen for contextual formal evidence/evidence map.
R028,MOY-0172,"Surgical revascularizations for pediatric moyamoya: a systematic review, meta-analysis, and meta-regression analysis",Keng Siang Lee · John J. Y. Zhang · Sanjay Bhate · Vijeya Ganesan · Dominic Thompson · Greg James · Adikarige Haritha Dulanka Silva,2023,Child's Nervous System,Tier 1 core,Pediatric revascularization,Systematic review and meta-analysis,"Children with MMD/MMS undergoing direct, indirect or combined revascularization; selected reviews focus on epilepsy. [MESCLADO 2 p. 90]",Mixed MMD/MMS unless explicitly restricted. [MESCLADO 2 p. 90],Predominantly ischemic; epilepsy/seizure subgroup in selected reviews. [MESCLADO 2 p. 90],"Indirect, direct or combined revascularization and subtécnicas. [MESCLADO 2 p. 90]",Technique groups or pooled single-arm outcomes. [MESCLADO 2 p. 90],37 [MESCLADO 2 p. 90],"2,460 [MESCLADO 2 p. 90]","4,432 [MESCLADO 2 p. 90]",NR,"searches of Medline, Embase, and Cochrane Central were undertaken from database inception to 7 October 2022 [MESCLADO 2 p. 90]",Yes [MESCLADO 2 p. 90],Low,Unclear,Frozen for core evidence table; use only linked effects marked manuscript-ready.
R033,MOY-0035,Benefits and risks of antiplatelet therapy for moyamoya disease: a systematic review and meta-analysis,Ting Liu; Ming Qin; Xinxing Xiong; Ting Li; Lifeng Feng; Xinxing Lai; Ying Gao,2023,Frontiers in Neurology,Tier 1 core,Medical/perioperative adjunct,Systematic review and meta-analysis,"MMD patients receiving antiplatelet therapy, including nonsurgical and post-bypass settings. [MESCLADO 2 p. 138]",MMD; MMS sometimes excluded. [MESCLADO 2 p. 138],Mostly ischemic/mixed. [MESCLADO 2 p. 138],"Aspirin or other antiplatelet therapy, sometimes cilostazol. [MESCLADO 2 p. 138]",No antiplatelet or alternative antiplatelet. [MESCLADO 2 p. 138],9 [MESCLADO 2 p. 138],"16,186 [MESCLADO 2 p. 138]",NR,NR,"Search strategy and study screening We comprehensively searched the PubMed, Embase, and Cochrane Library electronic databases without language limitations from their inception to 30 June 2022 [MESCLADO 2 p. 139]",Yes [MESCLADO 2 p. 138],Low,Unclear,Frozen for core evidence table; use only linked effects marked manuscript-ready.
R035,MOY-0022,Antiplatelet therapy may improve the prognosis of patients with moyamoya disease: a 12-year retrospective study,Yuting Luo · Zhixin Cao · Heng Ye · Shaoqing Wu · Xunsha Sun,2023,Journal of Neurology,Tier 1 core,Medical/perioperative adjunct,Hybrid retrospective cohort + systematic review/meta-analysis,"MMD patients receiving antiplatelet therapy, including nonsurgical and post-bypass settings. [MESCLADO 2 p. 169]",MMD; MMS sometimes excluded. [MESCLADO 2 p. 169],Mostly ischemic/mixed. [MESCLADO 2 p. 169],"Aspirin or other antiplatelet therapy, sometimes cilostazol. [MESCLADO 2 p. 169]",No antiplatelet or alternative antiplatelet. [MESCLADO 2 p. 169],NA (primary study) [MESCLADO 2 p. 169],Primary cohort; article reports meta-analysis wording inconsistently but is an original retrospective study [MESCLADO 2 p. 169],NR,NR,"search of eligible studies examining the effect of APT in MMD was performed on MEDLINE, EMBASE, Cochrane Library, Web of Science and ClinicalTrials.gov from inception to 27 March 2022 [MESCLADO 2 p. 171]",No [MESCLADO 2 p. 169],Critically low,Unclear,Frozen for core evidence table; use only linked effects marked manuscript-ready.
R038,MOY-0135,Post-Surgical Cognitive Outcomes of Moyamoya Disease: A Systematic Review,"Devon L. Mitchell, Nathan A. Shlobin, Melissa A. LoPresti, Jonathan P. Scoville, Emily Winterhalter, Sandi Lam",2023,World Neurosurgery,Tier 1 core,Cognition/patient-centered outcomes,Systematic review,"Children and/or adults with MMD/MMV, sometimes mixed with atherosclerotic steno-occlusive disease. [MESCLADO 2 p. 195]",MMD/MMV; separability varies in broad reviews. [MESCLADO 2 p. 195],Cognitive impairment with or without overt stroke. [MESCLADO 2 p. 195],Revascularization or observational cognitive assessment. [MESCLADO 2 p. 195],"Pre/post surgery, healthy controls, or nonsurgical groups. [MESCLADO 2 p. 195]",12 [MESCLADO 2 p. 195],446 [MESCLADO 2 p. 195],NR,NR,searched in August 2021 [MESCLADO 2 p. 196],No [MESCLADO 2 p. 195],Critically low,High,Frozen for core evidence table; use only linked effects marked manuscript-ready.
R044,MOY-0162,"Seizures, Epilepsy, and Electroencephalography Findings in Pediatric Moyamoya Arteriopathy: A Scoping Review","Rachel Penn, MD, Dana Harrar, MD, Lisa R. Sun, MD, * Johns Hopkins University School of Medicine, Baltimore, Maryland Children's National Hospital, Washington, District of Columbia r t l n o",2023,Pediatric Neurology,Tier 2 contextual,Perioperative safety/risk,Scoping review,"Children with MMD/MMS undergoing direct, indirect or combined revascularization; selected reviews focus on epilepsy. [MESCLADO 3 p. 35]",Mixed MMD/MMS unless explicitly restricted. [MESCLADO 3 p. 35],Predominantly ischemic; epilepsy/seizure subgroup in selected reviews. [MESCLADO 3 p. 35],"Indirect, direct or combined revascularization and subtécnicas. [MESCLADO 3 p. 35]",Technique groups or pooled single-arm outcomes. [MESCLADO 3 p. 35],NR,Pediatric moyamoya seizure/EEG literature; denominator varies [MESCLADO 3 p. 35],NR,NR,"Search strategy Two electronic databases, PubMed and Ovid:Embase, were searched from inception until January 2022 [MESCLADO 3 p. 36]",No [MESCLADO 3 p. 35],Critically low,High,Frozen for contextual formal evidence/evidence map.
R045,MOY-0150,Risk Factors for Ischemic Stroke After Revascularization Surgery in Patients with Moyamoya Disease: An Age-Stratified Comparative Meta-Analysis,"Samuel D. Pettersson, Hanna K.L. Olofsson, Shan Ali, Dariusz Szarek, Grzegorz Mie˛ kisiak, Christopher S. Ogilvy Key words",2023,World Neurosurgery,Tier 1 core,Perioperative safety/risk,Systematic review and meta-analysis,MMD patients undergoing revascularization; age-stratified in some reviews. [MESCLADO 3 p. 46],MMD-focused; MMS inclusion varies. [MESCLADO 3 p. 46],"Mixed, often enriched for preoperative ischemia. [MESCLADO 3 p. 46]","Direct, indirect or combined revascularization. [MESCLADO 3 p. 46]",Risk-factor strata and/or bypass types. [MESCLADO 3 p. 46],22 [MESCLADO 3 p. 46],NR,NR,NR,"search and study selection. WORLD NEUROSURGERY 173: 146-157, MAY 2023 [MESCLADO 3 p. 47]",Yes [MESCLADO 3 p. 46],Low,High,Frozen for core evidence table; use only linked effects marked manuscript-ready.
R055,MOY-0032,Association of moyamoya vasculopathy with autoimmune disease: a systematic review and pooled analysis,Rohin Singh · Megan M. J. Bauman · Andreas Seas · Daniel J. Harrison · Zach Pennington · Nolan J. Brown · Julian Gendreau · Redi Rahmani · Nathaniel Ellens · Joshua Catapano · Michael T. Lawton,2023,Neurosurgical Review,Tier 2 contextual,MMS/special etiologic phenotype,Systematic review,MMS with autoimmune disease or antiphospholipid antibody/APS positivity. [MESCLADO 3 p. 165],Secondary MMS/autoimmune-associated vasculopathy. [MESCLADO 3 p. 165],Predominantly ischemic stroke; hemorrhagic risk relevant with antithrombotics. [MESCLADO 3 p. 165],Medical immunologic/antithrombotic therapy and revascularization. [MESCLADO 3 p. 165],Descriptive treatment groups; strong selection bias. [MESCLADO 3 p. 165],103 [MESCLADO 3 p. 165],205 [MESCLADO 3 p. 165],NR,NR,database inception to October 2022 [MESCLADO 3 p. 166],No [MESCLADO 3 p. 165],Critically low,High,Frozen for contextual formal evidence/evidence map.
R073,MOY-0056,Comparison of revascularization and conservative treatment for hemorrhagic moyamoya disease in East Asian Countries: a single-center case series and a systematic review with meta-analysis,Xiang-Hua Zhang; Jian-Hua He; Xue-Shan Zhang; Jing Zhang; Cheng-jun Wang; Yu-Ping Dong; Wei Tao,2023,Frontiers in Neurology,Tier 1 core,Hemorrhagic phenotype,Systematic review and meta-analysis + institutional/illustrative component (hybrid report),"Symptomatic or hemorrhagic-onset MMD, predominantly adults/East Asian cohorts. [MESCLADO 4 p. 93]",Primarily MMD. [MESCLADO 4 p. 93],Hemorrhagic and/or mixed symptomatic disease. [MESCLADO 4 p. 93],Revascularization. [MESCLADO 4 p. 93],Conservative/medical management. [MESCLADO 4 p. 93],19 review studies + institutional cohort [MESCLADO 4 p. 93],"Review: 1,571; institutional: 24 [MESCLADO 4 p. 93]",NR,NR,"search was performed on PubMed, Google Scholar, Wanfang Med Online (WMO), and the China National Knowledge Infrastructure (CNKI) for studies on HMMD published before 1 January 2023 [MESCLADO 4 p. 94]",Yes [MESCLADO 4 p. 93],Critically low,High,Frozen for core evidence table; use only linked effects marked manuscript-ready.
R005,MOY-0041,Characteristics of Moyamoya Syndrome in Pediatric Patients With Neurofibromatosis Type 1,"Stephanie N. Brosius, MD, PhD,, *, Arastoo Vossough, MD, PhD,, Michael J. Fisher, MD,, Shih-Shan Lang, MD,, Lauren A. Beslow, MD, MSCE,,, Brandon J. George, PhD,, Rebecca Ichord, MD",2022,Pediatric Neurology,Tier 2 contextual,MMS/special etiologic phenotype,Review + institutional/illustrative component (hybrid report),"Children with NF1-associated MMS, including an institutional cohort and published cases/series. [MESCLADO 1 p. 48]",MMS secondary to NF1. [MESCLADO 1 p. 48],Predominantly ischemic/incidentally detected vasculopathy; tumor/radiation context may coexist. [MESCLADO 1 p. 48],"Observation, medical management and revascularization. [MESCLADO 1 p. 48]",Descriptive; no robust concurrent comparison. [MESCLADO 1 p. 48],Literature review + institutional cohort [MESCLADO 1 p. 48],Institutional: 19; literature cases NR here [MESCLADO 1 p. 48],NR,NR,between January 1995 [MESCLADO 1 p. 49],Yes [MESCLADO 1 p. 48],Critically low,High,Frozen for contextual formal evidence/evidence map.
R042,MOY-0068,"Direct, Indirect, and Combined Extracranial-to-Intracranial Bypass for Adult Moyamoya Disease: An Updated Systematic Review and Meta-Analysis","Vincent N. Nguyen , MD; Mustafa Motiwala , MD; Turki Elarjani, MD; Kenneth A. Moore, MD; L. Erin Miller , BA; Michael Barats, MS; Nitin Goyal , MD; Lucas Elijovich, MD; Paul Klimo, MD, MPH; Daniel A. Hoit, MD, MPH; Adam S. Arthur, MD, MPH; Jacques J. Morcos, MD; Nickalus R. Khan , MD",2022,Stroke,Tier 1 core,Adult revascularization,Systematic review and meta-analysis,Multiple intracranial bypass indications with an MMD subgroup. [MESCLADO 3 p. 7],MMD results may be only partly separable. [MESCLADO 3 p. 7],Mixed. [MESCLADO 3 p. 7],Direct intracranial bypass. [MESCLADO 3 p. 7],Indication groups or single-arm outcomes. [MESCLADO 3 p. 7],143 pooled; 43 comparative meta-analysis [MESCLADO 3 p. 7],NR,NR,"3,827 direct; 3,826 indirect; 3,801 combined bypasses [MESCLADO 3 p. 7]",searches in December 2021 [MESCLADO 3 p. 7],Yes [MESCLADO 3 p. 7],Critically low,High,Frozen for core evidence table; use only linked effects marked manuscript-ready.
R056,MOY-1414,Effectiveness of pharmacologic interventions for prevention of cerebral hyperperfusion syndrome following bypass surgery,Georgios P. Skandalakis; Aristotelis Kalyvas; Evgenia Lani; Spyridon Komaitis; Danai Manolakou; Despoina Chatzopoulou; Nikos Pantazis; Georgios A. Zenonos; Constantinos G. Hadjipanayis; George Stranjalis; Christos Koutsarnakis,2022,Brain Circulation,Tier 2 contextual,Perioperative safety/risk,Systematic review and meta-analysis across mixed bypass indications,MMD patients after direct/combined revascularization; some prevention reviews include other bypass indications. [MESCLADO 3 p. 174],MMD-focused or mixed bypass populations with variable separability. [MESCLADO 3 p. 174],Postoperative complication risk. [MESCLADO 3 p. 174],Bypass type and preventive pharmacologic/hemodynamic strategies. [MESCLADO 3 p. 174],"Age, bypass type, blood-pressure control and adjunctive regimens. [MESCLADO 3 p. 174]",23 [MESCLADO 3 p. 174],"2,041 cases [MESCLADO 3 p. 174]",NR,NR,Search methods We systematically reviewed the PubMed and Cochrane Library databases to identify relevant studies published during the last 10 years (September 2008 [MESCLADO 3 p. 175],No [MESCLADO 3 p. 174],Critically low,High,Frozen for contextual formal evidence/evidence map.
R022,MOY-0037,Central nervous system vasculopathy and Seckel syndrome: case illustration and systematic review,Osama Khojah · Saeed Alamoudi · Nouf Aldawsari · Mohammed Babgi · Ahmed Lary,2021,Child's Nervous System,Tier 2 contextual,MMS/special etiologic phenotype,Systematic review + institutional/illustrative component (hybrid report),"Seckel syndrome cases, with a small subset showing CNS vasculopathy/MMS. [MESCLADO 2 p. 10]",Secondary MMS; MMD-specific data sparse. [MESCLADO 2 p. 10],Rare pediatric vasculopathy. [MESCLADO 2 p. 10],Case-specific medical/surgical management. [MESCLADO 2 p. 10],None. [MESCLADO 2 p. 10],127 articles reporting Seckel syndrome; CNS vasculopathy subset [MESCLADO 2 p. 10],252 Seckel cases plus illustrative case; moyamoya subset small [MESCLADO 2 p. 10],NR,NR,"until May 15, 2021 [MESCLADO 2 p. 11]",No [MESCLADO 2 p. 10],Critically low,High,Frozen for contextual formal evidence/evidence map.
R030,MOY-0011,A meta-analysis of comparisons of various surgical treatments for moyamoya diseases,Kai Lin; Shaohua Sui; Jing Zhao; Liyong Zhang; Kun Chen,2021,Brain and Behavior,Tier 1 core,General revascularization/technique comparison,Systematic review and meta-analysis,"Symptomatic MMD, often adults or mixed ages, undergoing direct, indirect or combined bypass. [MESCLADO 2 p. 117]",Usually MMD; MMS handling varies. [MESCLADO 2 p. 117],"Ischemic and hemorrhagic, sometimes pooled. [MESCLADO 2 p. 117]",Direct and/or combined bypass. [MESCLADO 2 p. 117],Indirect bypass and/or conservative treatment. [MESCLADO 2 p. 117],NR,NR,NR,NR,"search word was performed through four databases such as Cochrane Library, Web of Science, PubMed, and EMBASE for the literature published until May 2021 [MESCLADO 2 p. 117]",Yes [MESCLADO 2 p. 117],Critically low,High,Frozen for core evidence table; use only linked effects marked manuscript-ready.
R032,MOY-0136,Postoperative incidence of seizure and cerebral infarction in pediatric patients with epileptic type moyamoya disease: a meta-analysis of single rate,"Jingjing Liu, Qinlan Xu, Hongchuan Niu, Rong Wang, Xun Ye and Xianzeng Liu",2021,Chinese Neurosurgical Journal,Tier 1 core,Perioperative safety/risk,Systematic review and single-arm/proportional meta-analysis,"Children with MMD/MMS undergoing direct, indirect or combined revascularization; selected reviews focus on epilepsy. [MESCLADO 2 p. 130]",Mixed MMD/MMS unless explicitly restricted. [MESCLADO 2 p. 130],Predominantly ischemic; epilepsy/seizure subgroup in selected reviews. [MESCLADO 2 p. 130],"Indirect, direct or combined revascularization and subtécnicas. [MESCLADO 2 p. 130]",Technique groups or pooled single-arm outcomes. [MESCLADO 2 p. 130],NR,NR pediatric epileptic-type MMD [MESCLADO 2 p. 130],NR,NR,search was done in August 2019 [MESCLADO 2 p. 132],Yes [MESCLADO 2 p. 130],Critically low,High,Frozen for core evidence table; use only linked effects marked manuscript-ready.
R052,MOY-0086,Failures in Revascularization for Pediatric Moyamoya Disease and Syndrome: A Scoping Review,"Nathan A. Shlobin, H. Gregory Frankel, Sandi Lam Key words",2021,World Neurosurgery,Tier 1 core,Technique-specific/failure,Scoping review,"Children with MMD/MMS undergoing direct, indirect or combined revascularization; selected reviews focus on epilepsy. [MESCLADO 3 p. 134]",Mixed MMD/MMS unless explicitly restricted. [MESCLADO 3 p. 134],Predominantly ischemic; epilepsy/seizure subgroup in selected reviews. [MESCLADO 3 p. 134],"Indirect, direct or combined revascularization and subtécnicas. [MESCLADO 3 p. 134]",Technique groups or pooled single-arm outcomes. [MESCLADO 3 p. 134],15 [MESCLADO 3 p. 134],NR,900 [MESCLADO 3 p. 134],NR,"search and review process used to identify and select articles for inclusion in this scoping review. WORLD NEUROSURGERY 149: 204-214, MAY 2021 [MESCLADO 3 p. 135]",Yes [MESCLADO 3 p. 134],Critically low,High,Frozen for core evidence table; use only linked effects marked manuscript-ready.
R053,MOY-0051,Clinical Usefulness of Genetic Testing For Patients with Moyamoya Disease: A Systematic Review,"Nathan A. Shlobin, Steven C. Hoffman, Jeffrey R. Clark, Rebecca Y. Du, Sandi Lam Key words",2021,World Neurosurgery,Tier 2 contextual,General revascularization/technique comparison,Systematic review,MMD patients with reported genetic variants. [MESCLADO 3 p. 146],MMD; syndromic variants variably included. [MESCLADO 3 p. 146],"Age of onset, familiality, ischemia, PCA involvement and postoperative collaterals. [MESCLADO 3 p. 146]",Genetic testing; surgery is contextual. [MESCLADO 3 p. 146],Genotype strata. [MESCLADO 3 p. 146],12 [MESCLADO 3 p. 146],NR,NR,NR,searched in June 2020 [MESCLADO 3 p. 147],No [MESCLADO 3 p. 146],Critically low,High,Frozen for contextual formal evidence/evidence map.
R009,MOY-0180,Meta-analysis of long-term prognosis in adult patients with symptomatic moyamoya disease undergoing bypass surgery,Ling Feng; Yan Ma; Hechen Jia,2020,Chinese Journal of Cerebrovascular Diseases,Tier 1 core,Adult revascularization,Systematic review and meta-analysis,"Adults with symptomatic MMD, stratified where possible by ischemic versus hemorrhagic presentation. [MESCLADO 1 p. 101]",Predominantly idiopathic MMD; MMS often excluded. [MESCLADO 1 p. 101],Symptomatic ischemic and hemorrhagic. [MESCLADO 1 p. 101],"Direct, indirect or combined bypass. [MESCLADO 1 p. 101]",Conservative/medical treatment. [MESCLADO 1 p. 101],8 [MESCLADO 1 p. 101],"1,160 [MESCLADO 1 p. 101]",NR,NR,search period was from database inception to July 2018 [MESCLADO 1 p. 101],Yes [MESCLADO 1 p. 101],Critically low,Unclear,Frozen for core evidence table; use only linked effects marked manuscript-ready.
R041,MOY-0131,Outcomes in Patients with Moyamoya Syndrome and Sickle Cell Disease: A Systematic Review,"Sarah Newman, Jason H. Boulter, James G. Malcolm, Ivan Pradilla, Gustavo Pradilla Key words",2020,World Neurosurgery,Tier 2 contextual,MMS — sickle cell disease,Systematic review,"Predominantly pediatric MMS associated with sickle cell disease, often with prior ischemic stroke despite chronic transfusion. [MESCLADO 3 p. 1]",MMS secondary to SCD; should not be generalized to idiopathic MMD. [MESCLADO 3 p. 1],Ischemic stroke/TIA and severe vasculopathy. [MESCLADO 3 p. 1],"Mostly indirect revascularization (EDAS, pial synangiosis, EMAS) added to chronic transfusion. [MESCLADO 3 p. 1]",Chronic transfusion alone or preoperative event rate; largely nonconcurrent comparisons. [MESCLADO 3 p. 1],6 [MESCLADO 3 p. 1],122 [MESCLADO 3 p. 1],NR,NR,"Search Method Electronic searches of PubMed, Scopus, and Cochrane Library databases were performed in September 2019 [MESCLADO 3 p. 1]",No [MESCLADO 3 p. 1],Critically low,High,Frozen for contextual formal evidence/evidence map.
R051,MOY-1141,Radiation-Induced Moyamoya Syndrome in Children with Brain Tumors: Case Series and Literature Review,"Marcello Scala, Pietro Fiaschi, Armando Cama, Alessandro Consales, Gianluca Piatelli, Flavio Giannelli, Salvina Barra, Camilla Satragno, Mattia Pacetti, Francesca Secci, Domenico Tortora, Maria Luisa Garre` 3, Marco Pavanello Key words",2020,World Neurosurgery,Tier 2 contextual,MMS/special etiologic phenotype,Literature review + institutional/illustrative component (hybrid report),Children with brain tumors who develop radiation-induced MMS; institutional and literature cases. [MESCLADO 3 p. 122],Secondary radiation-induced MMS. [MESCLADO 3 p. 122],Delayed ischemic/TIA after cranial irradiation. [MESCLADO 3 p. 122],Revascularization. [MESCLADO 3 p. 122],Descriptive/observation. [MESCLADO 3 p. 122],Case series + literature review [MESCLADO 3 p. 122],Radiation-induced MMS cases; denominator NR here [MESCLADO 3 p. 122],NR,NR,search using PubMed focused on the occurrence of MMS in pediatric patients with primary brain tumors treated with cranial irradiation until July 2019 [MESCLADO 3 p. 123],No [MESCLADO 3 p. 122],Critically low,High,Frozen for contextual formal evidence/evidence map.
R059,MOY-0039,Cerebral Revascularization for Moyamoya Syndrome Associated with Sickle Cell Disease: A Systematic Review of the Literature on the Role of Extracranial-Intracranial Bypass in Treating Neurologic Manifestations of Pediatric Patients with Sickle Cell Disease,"Danielle Terrell, Amey R. Savardekar, Stephen Garrett Whipple, Rimal H. Dossani, Robert F. Spetzler, Hai Sun",2020,World Neurosurgery,Tier 2 contextual,MMS — sickle cell disease,Systematic review,"Predominantly pediatric MMS associated with sickle cell disease, often with prior ischemic stroke despite chronic transfusion. [MESCLADO 3 p. 203]",MMS secondary to SCD; should not be generalized to idiopathic MMD. [MESCLADO 3 p. 203],Ischemic stroke/TIA and severe vasculopathy. [MESCLADO 3 p. 203],"Mostly indirect revascularization (EDAS, pial synangiosis, EMAS) added to chronic transfusion. [MESCLADO 3 p. 203]",Chronic transfusion alone or preoperative event rate; largely nonconcurrent comparisons. [MESCLADO 3 p. 203],NR,Pediatric SCD-associated MMS; denominator NR here [MESCLADO 3 p. 203],NR,NR,Search Strategy A literature search was conducted of titles and abstracts from January 1960 [MESCLADO 3 p. 204],No [MESCLADO 3 p. 203],Critically low,High,Frozen for contextual formal evidence/evidence map.
R072,MOY-0038,Cerebral Hyperperfusion Syndrome After Revascularization Surgery in Patients with Moyamoya Disease: Systematic Review and Meta-Analysis,"Jin Yu, Jibo Zhang, Jieli Li, Jianjian Zhang, Jincao Chen Key words",2020,World Neurosurgery,Tier 1 core,Perioperative safety/risk,Systematic review and meta-analysis,MMD patients after direct/combined revascularization; some prevention reviews include other bypass indications. [MESCLADO 4 p. 79],MMD-focused or mixed bypass populations with variable separability. [MESCLADO 4 p. 79],Postoperative complication risk. [MESCLADO 4 p. 79],Bypass type and preventive pharmacologic/hemodynamic strategies. [MESCLADO 4 p. 79],"Age, bypass type, blood-pressure control and adjunctive regimens. [MESCLADO 4 p. 79]",27 cohorts [MESCLADO 4 p. 79],"2,225 [MESCLADO 4 p. 79]",NR,NR,"search of PubMed, Embase, and Ovid until December 1, 2018 [MESCLADO 4 p. 79]",Yes [MESCLADO 4 p. 79],Critically low,High,Frozen for core evidence table; use only linked effects marked manuscript-ready.
R002,MOY-0170,Surgical Revascularization for Pediatric Patients with Sickle Cell Disease and Moyamoya Disease in the Prevention of Ischemic Strokes: A Single-Center Case Series and a Systematic Review,"Pedro Aguilar-Salinas, Kelsey Hayward, Roberta Santos, Vibhuti Agarwal, Eric Sauvageau, Ricardo A. Hanel, Philipp R. Aldana Key words",2019,World Neurosurgery,Tier 2 contextual,MMS — sickle cell disease,Systematic review + institutional/illustrative component (hybrid report),"Predominantly pediatric MMS associated with sickle cell disease, often with prior ischemic stroke despite chronic transfusion. [MESCLADO 1 p. 9]",MMS secondary to SCD; should not be generalized to idiopathic MMD. [MESCLADO 1 p. 9],Ischemic stroke/TIA and severe vasculopathy. [MESCLADO 1 p. 9],"Mostly indirect revascularization (EDAS, pial synangiosis, EMAS) added to chronic transfusion. [MESCLADO 1 p. 9]",Chronic transfusion alone or preoperative event rate; largely nonconcurrent comparisons. [MESCLADO 1 p. 9],Review component: NR in abstract; institutional series included [MESCLADO 1 p. 9],53 total in combined institutional + literature analysis [MESCLADO 1 p. 9],82 [MESCLADO 1 p. 9],NR,"search was conducted using PubMed, Ovid MED- LINE, Science Direct, Scopus, and Web of Science up to July 18, 2017 [MESCLADO 1 p. 10]",No [MESCLADO 1 p. 9],Critically low,High,Frozen for contextual formal evidence/evidence map.
R018,MOY-0927,Moyamoya Disease in Pregnancy: A 20-Year Single-Center Experience and Literature Review,"Yoshihide Inayama, Eiji Kondoh, Yoshitsugu Chigusa, Shingo Io, Takeshi Funaki, Noriomi Matsumura, Susumu Miyamoto, Masaki Mandai Key words",2019,World Neurosurgery,Tier 2 contextual,Pregnancy/obstetric risk,Literature review + institutional/illustrative component (hybrid report),"Women with MMD before, during or after pregnancy; some hybrid institutional series. [MESCLADO 1 p. 199]","MMD, with variable MMS exclusion. [MESCLADO 1 p. 199]",Ischemic or hemorrhagic pregnancy-related stroke. [MESCLADO 1 p. 199],"Prepregnancy revascularization, obstetric/anesthetic management, or observation. [MESCLADO 1 p. 199]","Pregnancy timing, prior diagnosis/surgery, delivery mode; nonrandomized. [MESCLADO 1 p. 199]",Literature review + 20-year institutional cohort [MESCLADO 1 p. 199],Institutional: 20 women; literature denominator heterogeneous [MESCLADO 1 p. 199],NR,NR,"search was performed in PubMed using the following terms “Moyamoya disease, pregnancy” or “Moyamoya disease, de- livery.” The search was performed on December 1, 2016 [MESCLADO 1 p. 200]",No [MESCLADO 1 p. 199],Critically low,High,Frozen for contextual formal evidence/evidence map.
R025,MOY-0070,Effect of revascularization on cognitive outcomes in intracranial steno-occlusive disease: a systematic review,"Bradley Kolb, BA,1 Hassan Fadel, BS,1 Gary Rajah, MD,1 Hamidreza Saber, MD,2 Ali Luqman, MD,1 and Leonardo Rangel-Castilla, MD",2019,Neurosurgical Focus,Tier 1 core,Cognition/patient-centered outcomes,Systematic review,"Children and/or adults with MMD/MMV, sometimes mixed with atherosclerotic steno-occlusive disease. [MESCLADO 2 p. 46]",MMD/MMV; separability varies in broad reviews. [MESCLADO 2 p. 46],Cognitive impairment with or without overt stroke. [MESCLADO 2 p. 46],Revascularization or observational cognitive assessment. [MESCLADO 2 p. 46],"Pre/post surgery, healthy controls, or nonsurgical groups. [MESCLADO 2 p. 46]","9 papers (2 RCTs, 7 observational cohorts) [MESCLADO 2 p. 46]",NR; MMD subset separability varies [MESCLADO 2 p. 46],NR,NR,between the years 2000 [MESCLADO 2 p. 47],No [MESCLADO 2 p. 46],Critically low,High,Frozen for core evidence table; use only linked effects marked manuscript-ready.
R029,MOY-0112,Meta-Analysis of Prognosis of Different Treatments for Symptomatic Moyamoya Disease,"Qifeng Li, Yalong Gao, Wenqiang Xin, Ziwei Zhou, Hongtao Rong, Yafei Qin, Ke Li, Yuan Zhou, Jiwei Wang-3, Jianhua Xiong, Xinlong Dong, Mengchen Yang, Yixin Liu, Jun Shen, Guangen Wang, Aiguo Song, Jianning Zhang Key words",2019,World Neurosurgery,Tier 1 core,General revascularization/technique comparison,Systematic review and meta-analysis,As described in the publication. [MESCLADO 2 p. 109],MMD/MMS handling requires adjudication. [MESCLADO 2 p. 109],NR/mixed. [MESCLADO 2 p. 109],As described. [MESCLADO 2 p. 109],NR. [MESCLADO 2 p. 109],27 [MESCLADO 2 p. 109],"At least 2,287 in surgery-versus-conservative comparison; denominators vary by outcome [MESCLADO 2 p. 109]",NR,NR,between January 1990 [MESCLADO 2 p. 110],Yes [MESCLADO 2 p. 109],Critically low,High,Frozen for core evidence table; use only linked effects marked manuscript-ready.
R047,MOY-0169,Surgical outcomes for pediatric moyamoya: a systematic review and meta-analysis,"Krishnan Ravindran, BSc,1 John C. Wellons, MD, MSPH,2 and Michael C. Dewan, MD, MSCI 1Melbourne Medical School, Melbourne, Victoria, Australia; and 2Division of Pediatric Neurosurgery, Vanderbilt University Medical Center, Nashville, Tennessee",2019,Journal of Neurosurgery: Pediatrics,Tier 1 core,Pediatric revascularization,Systematic review and meta-analysis,"Children with MMD/MMS undergoing direct, indirect or combined revascularization; selected reviews focus on epilepsy. [MESCLADO 3 p. 78]",Mixed MMD/MMS unless explicitly restricted. [MESCLADO 3 p. 78],Predominantly ischemic; epilepsy/seizure subgroup in selected reviews. [MESCLADO 3 p. 78],"Indirect, direct or combined revascularization and subtécnicas. [MESCLADO 3 p. 78]",Technique groups or pooled single-arm outcomes. [MESCLADO 3 p. 78],29 [MESCLADO 3 p. 78],"2,258 [MESCLADO 3 p. 78]",NR,NR,"search of PubMed, MEDLINE, Embase, and Web of Science electronic databases from inception until January 2019 [MESCLADO 3 p. 78]",Yes [MESCLADO 3 p. 78],Critically low,Unclear,Frozen for core evidence table; use only linked effects marked manuscript-ready.
R064,MOY-0152,Risk factors for postoperative stroke in adult patients with moyamoya disease: a systematic review with meta-analysis,"Wei Wei, Xin Chen, Jun Yu and Xu-Qin Li",2019,BMC Neurology,Tier 1 core,Perioperative safety/risk,Systematic review and meta-analysis,MMD patients undergoing revascularization; age-stratified in some reviews. [MESCLADO 4 p. 25],MMD-focused; MMS inclusion varies. [MESCLADO 4 p. 25],"Mixed, often enriched for preoperative ischemia. [MESCLADO 4 p. 25]","Direct, indirect or combined revascularization. [MESCLADO 4 p. 25]",Risk-factor strata and/or bypass types. [MESCLADO 4 p. 25],8 [MESCLADO 4 p. 25],"1,649 [MESCLADO 4 p. 25]",NR,NR,until Dec 2018 [MESCLADO 4 p. 26],Yes [MESCLADO 4 p. 25],Critically low,Unclear,Frozen for core evidence table; use only linked effects marked manuscript-ready.
R066,MOY-0040,Cerebrovascular events after surgery versus conservative therapy for moyamoya disease: a meta-analysis,Anke Wouters · Ide Smets · Wim Van den Noortgate · Gary K. Steinberg · Robin Lemmens,2019,Acta Neurologica Belgica,Tier 1 core,General revascularization/technique comparison,Systematic review and meta-analysis,"Symptomatic or hemorrhagic-onset MMD, predominantly adults/East Asian cohorts. [MESCLADO 4 p. 40]",Primarily MMD. [MESCLADO 4 p. 40],Hemorrhagic and/or mixed symptomatic disease. [MESCLADO 4 p. 40],Revascularization. [MESCLADO 4 p. 40],Conservative/medical management. [MESCLADO 4 p. 40],10 [MESCLADO 4 p. 40],"2,484 [MESCLADO 4 p. 40]",NR,NR,Search strategy We performed a literature search to identify studies inves- tigating the outcome of patients with MMD after surgical treatment. We searched PubMed and Ovid/MEDLINE from May 2007 [MESCLADO 4 p. 41],Yes [MESCLADO 4 p. 40],Critically low,High,Frozen for core evidence table; use only linked effects marked manuscript-ready.
R068,MOY-0009,A Comprehensive Meta-Analysis for Bypass Surgery in Adult Moyamoya,"Yawei Yan, Yunjie Li, Liangjiang Huang, Suming Zhang Key words",2019,World Neurosurgery,Tier 1 core,Adult revascularization,Systematic review and meta-analysis,"Symptomatic MMD, often adults or mixed ages, undergoing direct, indirect or combined bypass. [MESCLADO 4 p. 58]",Usually MMD; MMS handling varies. [MESCLADO 4 p. 58],"Ischemic and hemorrhagic, sometimes pooled. [MESCLADO 4 p. 58]",Direct and/or combined bypass. [MESCLADO 4 p. 58],Indirect bypass and/or conservative treatment. [MESCLADO 4 p. 58],17 [MESCLADO 4 p. 58],"2,224 [MESCLADO 4 p. 58]",NR,NR,"Search Strategy A literature search was performed for rele- vant articles until May 28, 2018 [MESCLADO 4 p. 58]",Yes [MESCLADO 4 p. 58],Critically low,High,Frozen for core evidence table; use only linked effects marked manuscript-ready.
R071,MOY-0071,Effect of Surgery on the Long-Term Functional Outcome of Moyamoya Disease: A Meta-Analysis,"Zhong YAO, Chao YOU Corresponding author: Chao YOU  youchaohx@aliyun.com",2019,Turkish Neurosurgery,Tier 1 core,General revascularization/technique comparison,Systematic review and meta-analysis,"MMD patients after revascularization, mixed ages/presentations. [MESCLADO 4 p. 70]",MMD-focused. [MESCLADO 4 p. 70],Mixed. [MESCLADO 4 p. 70],"Direct, indirect and combined surgery. [MESCLADO 4 p. 70]",Technique subgroups; mostly single-arm pooled good-outcome rates. [MESCLADO 4 p. 70],NR,"2,666 [MESCLADO 4 p. 70]",NR,NR,"Search Strategy We systematically searched databases through Pubmed, Ovid and Web of Science from their starting data up to July 2017 [MESCLADO 4 p. 71]",Yes [MESCLADO 4 p. 70],Critically low,High,Frozen for core evidence table; use only linked effects marked manuscript-ready.
R012,MOY-0094,Hemorrhagic Moyamoya Disease Treatment: A Network Meta-Analysis,"Jiayue Ding, Da Zhou, Eric Eugene Paul Cosky, Liqun Pan, Jingyuan Ya, Zhongao Wang, Kexin Jin, Jingwei Guan, Yuchuan Ding, Xunming Ji, Ran Meng - CONCLUSIONS: Surgical revascularization, especially direct bypass regimen, may be the optimal strategy for treating hemorrhagic MMD.",2018,World Neurosurgery,Tier 1 core,Hemorrhagic phenotype,Systematic review and network meta-analysis,Hemorrhagic-onset adult MMD. [MESCLADO 1 p. 145],Predominantly idiopathic MMD. [MESCLADO 1 p. 145],Intracranial hemorrhage/rebleeding risk. [MESCLADO 1 p. 145],"Direct, indirect, combined revascularization and conservative treatment. [MESCLADO 1 p. 145]",Network of treatment strategies. [MESCLADO 1 p. 145],9 [MESCLADO 1 p. 145],"1,050 [MESCLADO 1 p. 145]",NR,NR,NR,Yes [MESCLADO 1 p. 145],Critically low,High,Frozen for core evidence table; use only linked effects marked manuscript-ready.
R019,MOY-0114,Meta-analysis of the surgical outcomes of symptomatic moyamoya disease in adults,"Jin Pyeong Jeon, MD,1 Jeong Eun Kim, MD,2 Won-Sang Cho, MD,2 Jae Seung Bang, MD,2 Young-Je Son, MD,2 and Chang Wan Oh, MD",2018,Journal of Neurosurgery,Tier 1 core,Adult revascularization,Systematic review and meta-analysis,"Symptomatic MMD, often adults or mixed ages, undergoing direct, indirect or combined bypass. [MESCLADO 1 p. 209]",Usually MMD; MMS handling varies. [MESCLADO 1 p. 209],"Ischemic and hemorrhagic, sometimes pooled. [MESCLADO 1 p. 209]",Direct and/or combined bypass. [MESCLADO 1 p. 209],Indirect bypass and/or conservative treatment. [MESCLADO 1 p. 209],11 [MESCLADO 1 p. 209],NR,NR,NR,between January 1990 [MESCLADO 1 p. 210],Yes [MESCLADO 1 p. 209],Critically low,High,Frozen for core evidence table; use only linked effects marked manuscript-ready.
R027,MOY-0055,Cognitive Functions in Children and Adults with Moyamoya Vasculopathy: A Systematic Review and Meta-Analysis,"Annick Kronenburg,a Esther van den Berg,b Monique M. van Schooneveld,c Kees P. J. Braun,a Lionel Calviere,d Albert van der Zwan,a Catharina J. M. Klijna,e",2018,Journal of Stroke,Tier 1 core,Cognition/patient-centered outcomes,Systematic review and meta-analysis,"Children and/or adults with MMD/MMV, sometimes mixed with atherosclerotic steno-occlusive disease. [MESCLADO 2 p. 66]",MMD/MMV; separability varies in broad reviews. [MESCLADO 2 p. 66],Cognitive impairment with or without overt stroke. [MESCLADO 2 p. 66],Revascularization or observational cognitive assessment. [MESCLADO 2 p. 66],"Pre/post surgery, healthy controls, or nonsurgical groups. [MESCLADO 2 p. 66]",17 [MESCLADO 2 p. 66],"434 (281 children, 153 adults) [MESCLADO 2 p. 66]",NR,NR,"Search strategy and selection criteria We searched Ovid Medline and Embase for publications of studies describing cognitive function in patients with MMV published between January 1, 1969 [MESCLADO 2 p. 67]",Yes [MESCLADO 2 p. 66],Critically low,Unclear,Frozen for core evidence table; use only linked effects marked manuscript-ready.
R036,MOY-0121,Moyamoya disease in pregnancy: a systematic review,Georgios A. Maragkos & Luis C. Ascanio & Kohei Chida & Myles D. Boone & Christopher S. Ogilvy & Ajith J. Thomas & Ekkehard M. Kasper,2018,Acta Neurochirurgica,Tier 2 contextual,Pregnancy/obstetric risk,Systematic review,"Women with MMD before, during or after pregnancy; some hybrid institutional series. [MESCLADO 2 p. 178]","MMD, with variable MMS exclusion. [MESCLADO 2 p. 178]",Ischemic or hemorrhagic pregnancy-related stroke. [MESCLADO 2 p. 178],"Prepregnancy revascularization, obstetric/anesthetic management, or observation. [MESCLADO 2 p. 178]","Pregnancy timing, prior diagnosis/surgery, delivery mode; nonrandomized. [MESCLADO 2 p. 178]",54 articles [MESCLADO 2 p. 178],Individual-patient pregnancy literature; denominator varies [MESCLADO 2 p. 178],NR,NR,search We conducted a systematic review in June 2018 [MESCLADO 2 p. 179],No [MESCLADO 2 p. 178],Low,High,Frozen for contextual formal evidence/evidence map.
R050,MOY-0190,When and why is surgical revascularization indicated for the treatment of moyamoya syndrome in patients with RASopathies? A systematic review of the literature and a single institute experience,Marcello Scala & Pietro Fiaschi & Valeria Capra & Maria Luisa Garrè3 & Domenico Tortora & Marcello Ravegnani & Marco Pavanello,2018,Child's Nervous System,Tier 2 contextual,MMS/special etiologic phenotype,Systematic review + institutional/illustrative component (hybrid report),Children with NF1/other RASopathies and MMS; institutional plus literature cases. [MESCLADO 3 p. 109],Secondary MMS. [MESCLADO 3 p. 109],Ischemic/progressive vasculopathy. [MESCLADO 3 p. 109],"Revascularization, often indirect or combined. [MESCLADO 3 p. 109]",Descriptive/untreated context. [MESCLADO 3 p. 109],Systematic review + single-institute experience [MESCLADO 3 p. 109],RASopathy-associated MMS cases; denominator NR here [MESCLADO 3 p. 109],NR,NR,between 1995 [MESCLADO 3 p. 110],No [MESCLADO 3 p. 109],Critically low,High,Frozen for contextual formal evidence/evidence map.
R031,MOY-0161,Safety of Extracranial-Intracranial Arterial Bypass in the Treatment of Moyamoya Disease,Jinlu Yu; Jun Xu; Youxiang Li; Xin Jiang; Rong Wang,2017,Journal of Craniofacial Surgery,Tier 1 core,General revascularization/technique comparison,Systematic review and fixed-effect meta-analysis,MMD patients undergoing EC-IC bypass. [MESCLADO 2 p. 125],MMD-focused but methods insufficiently reproducible. [MESCLADO 2 p. 125],Mixed. [MESCLADO 2 p. 125],Direct/combined bypass. [MESCLADO 2 p. 125],Descriptive. [MESCLADO 2 p. 125],2 [MESCLADO 2 p. 125],160 [MESCLADO 2 p. 125],NR,NR,"searched 4 electronic databases, including PubMed, EMBASE, Cochrane Central Register of Controlled Trials (CEN- TRAL), and Web of science, without date or language restrictions up to March 2016 [MESCLADO 2 p. 126]",Yes [MESCLADO 2 p. 125],Critically low,Unclear,Frozen for core evidence table; use only linked effects marked manuscript-ready.
R063,MOY-0075,Efficacy of Surgical Treatment on the Recurrent Stroke Prevention for Adult Patients With Hemorrhagic Moyamoya Disease,Guoqing Wang; Xiaoyang Zhang; Mengzhao Feng; Xianzhi Liu; Fuyou Guo,2017,Journal of Craniofacial Surgery,Tier 1 core,Hemorrhagic phenotype,Review,"Symptomatic or hemorrhagic-onset MMD, predominantly adults/East Asian cohorts. [MESCLADO 4 p. 21]",Primarily MMD. [MESCLADO 4 p. 21],Hemorrhagic and/or mixed symptomatic disease. [MESCLADO 4 p. 21],Revascularization. [MESCLADO 4 p. 21],Conservative/medical management. [MESCLADO 4 p. 21],3 [MESCLADO 4 p. 21],146 [MESCLADO 4 p. 21],NR,NR,"search of the PubMed, EMBASE, and Cochrane Central databases was performed for articles published until May 2017 [MESCLADO 4 p. 21]",Yes [MESCLADO 4 p. 21],Critically low,High,Frozen for core evidence table; use only linked effects marked manuscript-ready.
R024,MOY-0066,Direct Bypass Versus Indirect Bypass in Adult Moyamoya Angiopathy with Symptoms or Hemodynamic Instability: A Meta-analysis of Comparative Studies,"Hoon Kim, Dong-Kyu Jang, Young-Min Han, Jae Hoon Sung, Ik Seong Park, Kwan-Sung Lee, Ji-Ho Yang, Pil Woo Huh, Young Sup Park, Dal-Soo Kim, Kyung-Do Han direct bypass group, however, had lower risk than the indirect bypass group for obtaining poor angiographic revascularization rate (risk ratio, 0.35; 95% confidence in- terval, 0.15L.84; P [ 0.02).",2016,World Neurosurgery,Tier 1 core,Angiography/hemodynamics/monitoring,Systematic review and meta-analysis,As described in the publication. [MESCLADO 2 p. 34],MMD/MMS handling requires adjudication. [MESCLADO 2 p. 34],NR/mixed. [MESCLADO 2 p. 34],As described. [MESCLADO 2 p. 34],NR. [MESCLADO 2 p. 34],8 [MESCLADO 2 p. 34],536 [MESCLADO 2 p. 34],732 [MESCLADO 2 p. 34],NR,between 1990 [MESCLADO 2 p. 34],Yes [MESCLADO 2 p. 34],Critically low,High,Frozen for core evidence table; use only linked effects marked manuscript-ready.
R026,MOY-1036,Omental Approach to Functional Recovery After Cerebrovascular Disease,"Marek J. Konieczny, Song-Jin Ri, Janniko R. Georgiadis Key words",2016,World Neurosurgery,Tier 2 contextual,Technique-specific/failure,Structured systematic literature review,MMD and non-MMD ischemic cerebrovascular disease undergoing omental transposition. [MESCLADO 2 p. 55],MMD subgroup incompletely separable. [MESCLADO 2 p. 55],Ischemic/hemodynamic. [MESCLADO 2 p. 55],Omental transplantation/transposition. [MESCLADO 2 p. 55],None/heterogeneous. [MESCLADO 2 p. 55],"15 reports (11 case series, 4 case reports) [MESCLADO 2 p. 55]",NR; mixed cerebrovascular disease [MESCLADO 2 p. 55],NR,NR,"search terms: omentum OR omental AND stroke AND/OR Moyamoya (last accessed March 1, 2015 [MESCLADO 2 p. 56]",No [MESCLADO 2 p. 55],Critically low,High,Frozen for contextual formal evidence/evidence map.
R058,MOY-0134,Perioperative Complications and Long-Term Outcomes After Bypasses in Adults with Moyamoya Disease: A Systematic Review and Meta-Analysis,"Hai Sun, Christopher Wilson, Alp Ozpinar, Sam Safavi-Abbasi, Yan Zhao, Peter Nakaji, John E. Wanebo, Robert F. Spetzler showed that direct was better than indirect bypass in producing long-term favorable outcomes (OR, 2.62; 95% CI, 1.19e.79; P [ 0.02), and the pooled analysis showed that combined bypass was better than indirect bypass in pro- ducing long-term favorable outcomes (OR, 1.26; 95% CI, 1.03e.54; P [ 0.02).",2016,World Neurosurgery,Tier 1 core,Perioperative safety/risk,Systematic review and meta-analysis,"Symptomatic MMD, often adults or mixed ages, undergoing direct, indirect or combined bypass. [MESCLADO 3 p. 193]",Usually MMD; MMS handling varies. [MESCLADO 3 p. 193],"Ischemic and hemorrhagic, sometimes pooled. [MESCLADO 3 p. 193]",Direct and/or combined bypass. [MESCLADO 3 p. 193],Indirect bypass and/or conservative treatment. [MESCLADO 3 p. 193],47 [MESCLADO 3 p. 193],NR,NR,NR,"search terms, we identiﬁed 2626 studies in the literature databases (search conducted in September 2015 [MESCLADO 3 p. 194]",Yes [MESCLADO 3 p. 193],Critically low,High,Frozen for core evidence table; use only linked effects marked manuscript-ready.
R046,MOY-0177,The Efficacy of Surgical Treatment for the Secondary Prevention of Stroke in Symptomatic Moyamoya Disease: A Meta-Analysis,"Cong Qian, MD, Xiaobo Yu, MD, Jianru Li, MD, Jingyin Chen, MD, Lin Wang, MD, and Gao Chen, MD odds ratio, RCTs = randomized controlled trials, SMA = superﬁcial temporal artery–middle cerebral artery anastomosis, TIA = transient ischemic attack.",2015,Medicine,Tier 1 core,General revascularization/technique comparison,Systematic review and meta-analysis,"Symptomatic MMD, often adults or mixed ages, undergoing direct, indirect or combined bypass. [MESCLADO 3 p. 72]",Usually MMD; MMS handling varies. [MESCLADO 3 p. 72],"Ischemic and hemorrhagic, sometimes pooled. [MESCLADO 3 p. 72]",Direct and/or combined bypass. [MESCLADO 3 p. 72],Indirect bypass and/or conservative treatment. [MESCLADO 3 p. 72],16 [MESCLADO 3 p. 72],Denominators vary; hemorrhagic subgroup 610 [MESCLADO 3 p. 72],NR,NR,until June 2015 [MESCLADO 3 p. 73],Yes [MESCLADO 3 p. 72],Critically low,High,Frozen for core evidence table; use only linked effects marked manuscript-ready.
R021,MOY-0178,The frequency of postoperative stroke in moyamoya disease following combined revascularization: a single-university series and systematic review,Ken Kazumata; Masaki Ito; Kikutaro Tokairin; Yasuhiro Ito; Kiyohiro Houkin; Naoki Nakayama; Satoshi Kuroda; Tatsuya Ishikawa; Hiroyasu Kamiyama,2014,Journal of Neurosurgery,Tier 1 core,Perioperative safety/risk,Systematic review + institutional/illustrative component (hybrid report),MMD patients undergoing revascularization; age-stratified in some reviews. [MESCLADO 2 p. 1],MMD-focused; MMS inclusion varies. [MESCLADO 2 p. 1],"Mixed, often enriched for preoperative ischemia. [MESCLADO 2 p. 1]","Direct, indirect or combined revascularization. [MESCLADO 2 p. 1]",Risk-factor strata and/or bypass types. [MESCLADO 2 p. 1],35 review studies [MESCLADO 2 p. 1],"Review: 3,946; institutional: 236 [MESCLADO 2 p. 1]","Review: 6,203; institutional procedures: 358 [MESCLADO 2 p. 1]",Institutional: 358 [MESCLADO 2 p. 1],"Search Methods. We used “moyamoya,” “moya- moya disease,” “complication,” “revascularization,” and “surgery” as the keywords in a literature search of the PubMed database (last accessed February 1, 2013 [MESCLADO 2 p. 2]",No [MESCLADO 2 p. 1],Critically low,High,Frozen for core evidence table; use only linked effects marked manuscript-ready.
R037,MOY-0634,Effectiveness of Burr Holes for Indirect Revascularization in Patients with Moyamoya Disease-A Review of the Literature,Nancy McLaughlin and Neil A. Martin,2014,World Neurosurgery,Tier 1 core,Technique-specific/failure,Literature review,MMD patients treated with multiple burr holes. [MESCLADO 2 p. 187],MMD/MMS variably included. [MESCLADO 2 p. 187],Predominantly ischemic. [MESCLADO 2 p. 187],"Burr-hole indirect revascularization, alone or adjunctive. [MESCLADO 2 p. 187]",Mostly no direct comparator. [MESCLADO 2 p. 187],NR,NR,NR,NR,"between the results of indirect and direct revascularization procedures. Neurosurgery 31:401-405, 1992 [MESCLADO 2 p. 194]",No [MESCLADO 2 p. 187],Critically low,High,Frozen for core evidence table; use only linked effects marked manuscript-ready.
R065,MOY-0123,Moyamoya disease: functional and neurocognitive outcomes in the pediatric and adult populations,"David G. Weinberg, B.S., Rudy J. Rahme, M.D., Salah G. Aoun, M.D., H. Hunt Batjer, M.D., and Bernard R. Bendok, M.D.",2011,Neurosurgical Focus,Tier 1 core,Cognition/patient-centered outcomes,Review,"Children and/or adults with MMD/MMV, sometimes mixed with atherosclerotic steno-occlusive disease. [MESCLADO 4 p. 33]",MMD/MMV; separability varies in broad reviews. [MESCLADO 4 p. 33],Cognitive impairment with or without overt stroke. [MESCLADO 4 p. 33],Revascularization or observational cognitive assessment. [MESCLADO 4 p. 33],"Pre/post surgery, healthy controls, or nonsurgical groups. [MESCLADO 4 p. 33]",55 [MESCLADO 4 p. 33],NR,NR,NR,NR,No [MESCLADO 4 p. 33],Critically low,High,Frozen for core evidence table; use only linked effects marked manuscript-ready.
R015,MOY-1176,Revascularisation surgery for paediatric moyamoya: a review of the literature,Lai-Wah Eva Fung Dominic Thompson Vijeya Ganesan,2005,Child's Nervous System,Tier 1 core,Pediatric revascularization,Literature review,"Children with MMD/MMS undergoing direct, indirect or combined revascularization; selected reviews focus on epilepsy. [MESCLADO 1 p. 169]",Mixed MMD/MMS unless explicitly restricted. [MESCLADO 1 p. 169],Predominantly ischemic; epilepsy/seizure subgroup in selected reviews. [MESCLADO 1 p. 169],"Indirect, direct or combined revascularization and subtécnicas. [MESCLADO 1 p. 169]",Technique groups or pooled single-arm outcomes. [MESCLADO 1 p. 169],57 [MESCLADO 1 p. 169],"1,448 (1,322 aged <21 years) [MESCLADO 1 p. 169]",NR,NR,up to 1994 [MESCLADO 1 p. 174],No [MESCLADO 1 p. 169],Critically low,High,Frozen for core evidence table; use only linked effects marked manuscript-ready.
