Context,Decision informed,Early safety,Late/clinical efficacy,Technical/surrogate evidence,Anchor reviews,Methodological confidence,Practical interpretation,Prohibited inference
Adult symptomatic MMD,Whether revascularization is associated with lower recurrent cerebrovascular risk than conservative management.,Not available,Late hemorrhage/rebleeding: OR 0.39 (0.18 to 0.87) [Precise benefit]; Any/recurrent stroke: OR 0.58 (0.16 to 2.05) [Imprecise benefit direction]; Late ischemic stroke: OR 0.53 (0.33 to 0.85) [Precise benefit]; Late hemorrhage/rebleeding: OR 0.38 (0.23 to 0.64) [Precise benefit]; Mortality: OR 0.37 (0.12 to 1.15) [Imprecise benefit direction]; Any/recurrent stroke: OR 0.40 (0.28 to 0.58) [Precise benefit]; Any/recurrent stroke: OR 0.30 (0.20 to 0.46) [Precise benefit]; Late hemorrhage/rebleeding: OR 0.27 (0.14 to 0.53) [Precise benefit]; Any/recurrent stroke: OR 0.38 (0.23 to 0.64) [Precise benefit]; Any/recurrent stroke: OR 0.26 (0.20 to 0.33) [Precise benefit],CBF/CVR/OEF/perfusion: OR 7.16 (3.28 to 15.64) [Precise benefit],R009; R029; R068; R019; R066,AMSTAR Critically low / ROBIS Unclear; AMSTAR Critically low / ROBIS High,"Surgery is consistently associated with fewer future cerebrovascular events in symptomatic adults, but the evidence is observational and does not define a universal timing or technique.","Do not infer a universal indication, timing window, or best surgical technique."
Hemorrhagic MMD,Whether revascularization is associated with lower recurrent stroke/rebleeding risk in hemorrhagic presentation.,Not available,Late ischemic stroke: OR 0.16 (0.06 to 0.43) [Precise benefit]; Late ischemic stroke: OR 0.31 (0.12 to 0.79) [Precise benefit]; Late hemorrhage/rebleeding: OR 0.39 (0.18 to 0.84) [Precise benefit]; Late hemorrhage/rebleeding: OR 0.45 (0.26 to 0.79) [Precise benefit]; Mortality: OR 0.27 (0.10 to 0.72) [Precise benefit]; Mortality: OR 0.24 (0.12 to 0.50) [Precise benefit]; Mortality: OR 0.53 (0.24 to 1.17) [Imprecise benefit direction]; Any/recurrent stroke: RR 0.43 (0.24 to 0.76) [Precise benefit]; Any/recurrent stroke: OR 0.21 (0.14 to 0.33) [Precise benefit],Not available,R009; R012; R029; R073; R063,AMSTAR Critically low / ROBIS Unclear; AMSTAR Critically low / ROBIS High,Revascularization is associated with lower recurrent stroke/rebleeding; mortality signals vary by review and network rankings remain fragile.,Do not convert network ranking into definitive superiority of one bypass technique.
Adult direct vs indirect,Event-specific choice between direct and indirect bypass in adults.,Early ischemic stroke: OR 0.62 (0.48 to 0.79) [Precise benefit]; Early intracranial hemorrhage: OR 33.33 (1.82 to 500.00) [Precise harm],Any/recurrent stroke: OR 0.26 (0.14 to 0.49) [Precise benefit]; Late ischemic stroke: OR 0.37 (0.23 to 0.60) [Precise benefit]; Late hemorrhage/rebleeding: OR 0.49 (0.31 to 0.77) [Precise benefit]; Favorable functional outcome: OR 2.62 (1.19 to 5.79) [Precise benefit]; Any/recurrent stroke: OR 0.56 (0.35 to 0.88) [Precise benefit],Matsushima/collateralization: OR 4.72 (1.22 to 18.23) [Precise benefit],R068; R042; R058; R046,AMSTAR Critically low / ROBIS High,"Direct bypass shows lower early ischemic and late ischemic/hemorrhagic events and better functional outcomes, while perioperative hemorrhage favors indirect bypass.",Do not say direct bypass is globally safer; perioperative hemorrhage signal favors indirect.
Adult combined vs indirect,Event-specific choice between combined and indirect bypass in adults.,Early ischemic stroke: OR 0.53 (0.41 to 0.69) [Precise benefit]; Early intracranial hemorrhage: OR 33.33 (1.89 to 500.00) [Precise harm],Late ischemic stroke: OR 0.23 (0.12 to 0.43) [Precise benefit]; Late hemorrhage/rebleeding: OR 0.30 (0.18 to 0.49) [Precise benefit]; Favorable functional outcome: OR 2.06 (1.18 to 3.58) [Precise benefit],Not available,R042; R058,AMSTAR Critically low / ROBIS High,"Combined bypass shows lower early ischemic and late ischemic/hemorrhagic events and better function, while perioperative hemorrhage favors indirect bypass.",Do not say combined bypass is globally safer; perioperative hemorrhage signal favors indirect.
Adult direct vs combined,Whether direct or combined bypass has a clear late ischemic advantage.,Not available,Late ischemic stroke: OR 0.47 (0.31 to 0.72) [Precise benefit],Not available,R058,AMSTAR Critically low / ROBIS High,Evidence is limited; one late ischemia signal favors direct over combined and is insufficient for a universal hierarchy.,Do not infer equivalence or universal superiority from one late-outcome comparison.
Adult direct/combined vs indirect,Immediate-flow (direct/combined) group versus indirect bypass in adult ischemic/hemodynamic evidence.,Not available,Late ischemic stroke: RR 0.68 (0.32 to 1.44) [Imprecise benefit direction]; Any/recurrent stroke: OR 0.49 (0.32 to 0.76) [Precise benefit],Matsushima/collateralization: RR 0.35 (0.15 to 0.84) [Precise benefit]; CBF/CVR/OEF/perfusion: RR 1.10 (0.89 to 1.35) [Imprecise benefit direction],R024; R029,AMSTAR Critically low / ROBIS High,"Immediate-flow strategies show angiographic/recurrent-stroke signals, while hemodynamic normalization is imprecise; source definitions often pool direct and combined procedures.",Do not treat a pooled direct/combined group as pure direct bypass.
Pediatric technique choice,Whether angiographic superiority translates into clinical superiority in children.,Not available,TIA: RR 0.64 (0.38 to 1.10) [Imprecise benefit direction],Matsushima/collateralization: RR 1.12 (1.02 to 1.24) [Precise benefit],R028,AMSTAR Low / ROBIS Unclear,"Direct/combined techniques improve angiographic collateralization, but perioperative TIA does not show clear superiority; surrogate success must not be equated with clinical benefit.",Do not infer fewer strokes from Matsushima grade alone.
Asymptomatic/stable disease,Whether prophylactic surgery clearly improves outcomes over surveillance.,Not available,TIA: OR 0.47 (0.11 to 2.01) [Imprecise benefit direction],Not available,R007,AMSTAR Low / ROBIS High,No clear TIA advantage is demonstrated; individualized selection and hemodynamic context remain essential.,Do not infer equivalence or prophylactic benefit from an imprecise single comparison.
Antiplatelet therapy,"Adjunctive antiplatelet therapy, especially after bypass.",Early ischemic stroke: OR 0.70 (0.37 to 1.32) [Imprecise benefit direction]; Early ischemic stroke: OR 0.89 (0.49 to 1.63) [Imprecise benefit direction]; Postoperative seizure: OR 1.43 (0.61 to 3.37) [Imprecise harm direction],Late ischemic stroke: HR 1.16 (0.30 to 4.47) [Imprecise harm direction]; Late ischemic stroke: OR 0.57 (0.49 to 0.65) [Precise benefit]; Late ischemic stroke: HR 0.80 (0.33 to 1.94) [Imprecise benefit direction]; TIA: OR 0.55 (0.32 to 0.95) [Precise benefit]; Late hemorrhage/rebleeding: OR 0.69 (0.28 to 1.71) [Imprecise benefit direction]; Late hemorrhage/rebleeding: HR 0.47 (0.24 to 0.94) [Precise benefit]; Favorable functional outcome: WMD -0.07 (-0.14 to -0.00) [Borderline benefit direction (CI boundary at null)]; Favorable functional outcome: OR 1.88 (1.29 to 2.74) [Precise benefit],Bypass patency/capacity: OR 2.58 (1.51 to 4.43) [Precise benefit]; Bypass patency/capacity: HR 1.57 (1.11 to 2.23) [Precise benefit],R035; R054; R023; R033,AMSTAR Critically low / ROBIS Unclear; AMSTAR Low / ROBIS High; AMSTAR Low / ROBIS Unclear,"Post-bypass antiplatelet therapy shows patency, TIA and functional signals, but stroke/hemorrhage effects are not uniformly demonstrated and treatment cannot substitute for revascularization.",Do not claim proven stroke prevention or replacement of surgery from observational antiplatelet evidence.
Anesthesia strategy,Inhalational versus intravenous anesthesia during revascularization.,Early ischemic stroke: OR 1.05 (0.50 to 2.17) [Imprecise harm direction],TIA: OR 0.87 (0.55 to 1.38) [Imprecise benefit direction],Not available,R017,AMSTAR Low / ROBIS Unclear,No clear difference in transient neurologic events or postoperative stroke; absence of significance is not proof of equivalence.,Do not claim anesthetic equivalence from nonsignificant pooled estimates.
Remote ischemic conditioning,Adjunctive remote ischemic conditioning.,Hyperperfusion syndrome: OR 0.28 (0.07 to 1.12) [Imprecise benefit direction]; Postoperative seizure: OR 0.26 (0.04 to 1.62) [Imprecise benefit direction],Late ischemic stroke: OR 0.22 (0.07 to 0.67) [Precise benefit]; TIA: OR 0.73 (0.36 to 1.47) [Imprecise benefit direction],Not available,R074,AMSTAR Low / ROBIS Unclear,"A small-RCT meta-analysis shows a promising ischemic-stroke reduction signal; this remains an adjunctive, not replacement, strategy.",Do not substitute RIC for revascularization or claim durable benefit beyond the trial evidence.
